{
	"images" :
	[
		{ "frame" : 0, "file" : "HPS000KN.bmp"},
		{ "frame" : 1, "file" : "HPS001KN.bmp"},
		{ "frame" : 2, "file" : "HPS002KN.bmp"},
		{ "frame" : 3, "file" : "HPS003KN.bmp"},
		{ "frame" : 4, "file" : "HPS004KN.bmp"},
		{ "frame" : 5, "file" : "HPS005KN.bmp"},
		{ "frame" : 6, "file" : "HPS006KN.bmp"},
		{ "frame" : 7, "file" : "HPS007KN.bmp"},
		{ "frame" : 8, "file" : "HPS008CL.bmp"},
		{ "frame" : 9, "file" : "HPS009CL.bmp"},
		{ "frame" : 10, "file" : "HPS010CL.bmp"},
		{ "frame" : 11, "file" : "HPS011CL.bmp"},
		{ "frame" : 12, "file" : "HPS012CL.bmp"},
		{ "frame" : 13, "file" : "HPS013CL.bmp"},
		{ "frame" : 14, "file" : "HPS014CL.bmp"},
		{ "frame" : 15, "file" : "HPS015CL.bmp"},
		{ "frame" : 16, "file" : "HPS016RN.bmp"},
		{ "frame" : 17, "file" : "HPS017RN.bmp"},
		{ "frame" : 18, "file" : "HPS018RN.bmp"},
		{ "frame" : 19, "file" : "HPS019RN.bmp"},
		{ "frame" : 20, "file" : "HPS020RN.bmp"},
		{ "frame" : 21, "file" : "HPS021RN.bmp"},
		{ "frame" : 22, "file" : "HPS022RN.bmp"},
		{ "frame" : 23, "file" : "HPS023RN.bmp"},
		{ "frame" : 24, "file" : "HPS024DR.bmp"},
		{ "frame" : 25, "file" : "HPS025DR.bmp"},
		{ "frame" : 26, "file" : "HPS026DR.bmp"},
		{ "frame" : 27, "file" : "HPS027DR.bmp"},
		{ "frame" : 28, "file" : "HPS028DR.bmp"},
		{ "frame" : 29, "file" : "HPS029DR.bmp"},
		{ "frame" : 30, "file" : "HPS030DR.bmp"},
		{ "frame" : 31, "file" : "HPS031DR.bmp"},
		{ "frame" : 32, "file" : "HPS032AL.bmp"},
		{ "frame" : 33, "file" : "HPS033AL.bmp"},
		{ "frame" : 34, "file" : "HPS034AL.bmp"},
		{ "frame" : 35, "file" : "HPS035AL.bmp"},
		{ "frame" : 36, "file" : "HPS036AL.bmp"},
		{ "frame" : 37, "file" : "HPS037AL.bmp"},
		{ "frame" : 38, "file" : "HPS038AL.bmp"},
		{ "frame" : 39, "file" : "HPS039AL.bmp"},
		{ "frame" : 40, "file" : "HPS040WZ.bmp"},
		{ "frame" : 41, "file" : "HPS041WZ.bmp"},
		{ "frame" : 42, "file" : "HPS042WZ.bmp"},
		{ "frame" : 43, "file" : "HPS043WZ.bmp"},
		{ "frame" : 44, "file" : "HPS044WZ.bmp"},
		{ "frame" : 45, "file" : "HPS045WZ.bmp"},
		{ "frame" : 46, "file" : "HPS046WZ.bmp"},
		{ "frame" : 47, "file" : "HPS047WZ.bmp"},
		{ "frame" : 48, "file" : "HPS048HR.bmp"},
		{ "frame" : 49, "file" : "HPS049HR.bmp"},
		{ "frame" : 50, "file" : "HPS050HR.bmp"},
		{ "frame" : 51, "file" : "HPS051HR.bmp"},
		{ "frame" : 52, "file" : "HPS052HR.bmp"},
		{ "frame" : 53, "file" : "HPS053HR.bmp"},
		{ "frame" : 54, "file" : "HPS054HR.bmp"},
		{ "frame" : 55, "file" : "HPS055HR.bmp"},
		{ "frame" : 56, "file" : "HPS056DM.bmp"},
		{ "frame" : 57, "file" : "HPS057DM.bmp"},
		{ "frame" : 58, "file" : "HPS058DM.bmp"},
		{ "frame" : 59, "file" : "HPS059DM.bmp"},
		{ "frame" : 60, "file" : "HPS060DM.bmp"},
		{ "frame" : 61, "file" : "HPS061DM.bmp"},
		{ "frame" : 62, "file" : "HPS062DM.bmp"},
		{ "frame" : 63, "file" : "HPS063DM.bmp"},
		{ "frame" : 64, "file" : "HPS064DK.bmp"},
		{ "frame" : 65, "file" : "HPS065DK.bmp"},
		{ "frame" : 66, "file" : "HPS066DK.bmp"},
		{ "frame" : 67, "file" : "HPS067DK.bmp"},
		{ "frame" : 68, "file" : "HPS068DK.bmp"},
		{ "frame" : 69, "file" : "HPS069DK.bmp"},
		{ "frame" : 70, "file" : "HPS070DK.bmp"},
		{ "frame" : 71, "file" : "HPS071DK.bmp"},
		{ "frame" : 72, "file" : "HPS072NC.bmp"},
		{ "frame" : 73, "file" : "HPS073NC.bmp"},
		{ "frame" : 74, "file" : "HPS074NC.bmp"},
		{ "frame" : 75, "file" : "HPS075NC.bmp"},
		{ "frame" : 76, "file" : "HPS076NC.bmp"},
		{ "frame" : 77, "file" : "HPS077NC.bmp"},
		{ "frame" : 78, "file" : "HPS078NC.bmp"},
		{ "frame" : 79, "file" : "HPS079NC.bmp"},
		{ "frame" : 80, "file" : "HPS080OV.bmp"},
		{ "frame" : 81, "file" : "HPS081OV.bmp"},
		{ "frame" : 82, "file" : "HPS082OV.bmp"},
		{ "frame" : 83, "file" : "HPS083OV.bmp"},
		{ "frame" : 84, "file" : "HPS084OV.bmp"},
		{ "frame" : 85, "file" : "HPS085OV.bmp"},
		{ "frame" : 86, "file" : "HPS086OV.bmp"},
		{ "frame" : 87, "file" : "HPS087OV.bmp"},
		{ "frame" : 88, "file" : "HPS088WL.bmp"},
		{ "frame" : 89, "file" : "HPS089WL.bmp"},
		{ "frame" : 90, "file" : "HPS090WL.bmp"},
		{ "frame" : 91, "file" : "HPS091WL.bmp"},
		{ "frame" : 92, "file" : "HPS092WL.bmp"},
		{ "frame" : 93, "file" : "HPS093WL.bmp"},
		{ "frame" : 94, "file" : "HPS094WL.bmp"},
		{ "frame" : 95, "file" : "HPS095WL.bmp"},
		{ "frame" : 96, "file" : "HPS096BR.bmp"},
		{ "frame" : 97, "file" : "HPS097BR.bmp"},
		{ "frame" : 98, "file" : "HPS098BR.bmp"},
		{ "frame" : 99, "file" : "HPS099BR.bmp"},
		{ "frame" : 100, "file" : "HPS100BR.bmp"},
		{ "frame" : 101, "file" : "HPS101BR.bmp"},
		{ "frame" : 102, "file" : "HPS102BR.bmp"},
		{ "frame" : 103, "file" : "HPS103BR.bmp"},
		{ "frame" : 104, "file" : "HPS104BM.bmp"},
		{ "frame" : 105, "file" : "HPS105BM.bmp"},
		{ "frame" : 106, "file" : "HPS106BM.bmp"},
		{ "frame" : 107, "file" : "HPS107BM.bmp"},
		{ "frame" : 108, "file" : "HPS108BM.bmp"},
		{ "frame" : 109, "file" : "HPS109BM.bmp"},
		{ "frame" : 110, "file" : "HPS110BM.bmp"},
		{ "frame" : 111, "file" : "HPS111BM.bmp"},
		{ "frame" : 112, "file" : "HPS112BS.bmp"},
		{ "frame" : 113, "file" : "HPS113BS.bmp"},
		{ "frame" : 114, "file" : "HPS114BS.bmp"},
		{ "frame" : 115, "file" : "HPS115BS.bmp"},
		{ "frame" : 116, "file" : "HPS116BS.bmp"},
		{ "frame" : 117, "file" : "HPS117BS.bmp"},
		{ "frame" : 118, "file" : "HPS118BS.bmp"},
		{ "frame" : 119, "file" : "HPS119BS.bmp"},
		{ "frame" : 120, "file" : "HPS120WH.bmp"},
		{ "frame" : 121, "file" : "HPS121WH.bmp"},
		{ "frame" : 122, "file" : "HPS122WH.bmp"},
		{ "frame" : 123, "file" : "HPS123WH.bmp"},
		{ "frame" : 124, "file" : "HPS124WH.bmp"},
		{ "frame" : 125, "file" : "HPS125WH.bmp"},
		{ "frame" : 126, "file" : "HPS126WH.bmp"},
		{ "frame" : 127, "file" : "HPS127WH.bmp"},
		{ "frame" : 128, "file" : "HPS000PL.bmp"},
		{ "frame" : 129, "file" : "HPS001PL.bmp"},
		{ "frame" : 130, "file" : "HPS002PL.bmp"},
		{ "frame" : 131, "file" : "HPS003PL.bmp"},
		{ "frame" : 132, "file" : "HPS004PL.bmp"},
		{ "frame" : 133, "file" : "HPS005PL.bmp"},
		{ "frame" : 134, "file" : "HPS006PL.bmp"},
		{ "frame" : 135, "file" : "HPS007PL.bmp"},
		{ "frame" : 136, "file" : "HPS000EL.bmp"},
		{ "frame" : 137, "file" : "HPS001EL.bmp"},
		{ "frame" : 138, "file" : "HPS002EL.bmp"},
		{ "frame" : 139, "file" : "HPS003EL.bmp"},
		{ "frame" : 140, "file" : "HPS004EL.bmp"},
		{ "frame" : 141, "file" : "HPS005EL.bmp"},
		{ "frame" : 142, "file" : "HPS006EL.bmp"},
		{ "frame" : 143, "file" : "HPS007EL.bmp"},
		{ "frame" : 144, "file" : "HPS130KN.bmp"},
		{ "frame" : 145, "file" : "HPS000SH.bmp"},
		{ "frame" : 146, "file" : "HPS128QC.bmp"},
		{ "frame" : 147, "file" : "HPS003SH.bmp"},
		{ "frame" : 148, "file" : "HPS004SH.bmp"},
		{ "frame" : 149, "file" : "HPS005SH.bmp"},
		{ "frame" : 150, "file" : "HPS006SH.bmp"},
		{ "frame" : 151, "file" : "HPS007SH.bmp"},
		{ "frame" : 152, "file" : "HPS009SH.bmp"},
		{ "frame" : 153, "file" : "HPS008SH.bmp"},
		{ "frame" : 154, "file" : "HPS001SH.bmp"},
		{ "frame" : 155, "file" : "HPS131DM.bmp"},
		{ "frame" : 156, "file" : "HPS129MK.bmp"},
		{ "frame" : 157, "file" : "HPS002SH.bmp"},
		{ "frame" : 158, "file" : "HPS132Wl.bmp"},
		{ "frame" : 159, "file" : "HPS133Nc.bmp"},
		{ "frame" : 160, "file" : "HPS134Nc.bmp"},
		{ "frame" : 161, "file" : "HPS135Wi.bmp"},
		{ "frame" : 162, "file" : "HPS136Wi.bmp"},
		{ "frame" : 200, "file" : "HPSRAND1.bmp"}, //random hero
		{ "frame" : 201, "file" : "HPSRAND6.bmp"} //no hero
	]
}
