{
	"art144": // placeholder for selection image
	{
		"index" : 144,
		"type" : ["HERO"]
	},
	"art145": // placeholder for lock image
	{
		"index" : 145,
		"type" : ["HERO"]
	},
	"axeOfSmashing": //TODO: move growing bonuses to this config, someday
	{
		"bonuses" : [
			{
				"subtype" : "primSkill.attack",
				"type" : "PRIMARY_SKILL",
				"val" : 6,
				"valueType" : "BASE_NUMBER"
			}
		],
		"index" : 146,
		"type" : ["COMMANDER"],
		"growing":
		{
			"bonusesPerLevel":
			[
				{
					"level": 6,
					"bonus": 
					{
						"type" : "PRIMARY_SKILL",
						"subtype" : "primSkill.attack",
						"val" : 1
					}
				}
			]
		}
	},
	"mithrilMail":
	{
		"bonuses" : [
			{
				"type" : "STACK_HEALTH",
				"val" : 12,
				"valueType" : "PERCENT_TO_ALL"
			}
		],
		"index" : 147,
		"type" : ["COMMANDER"],
		"growing":
		{
			"bonusesPerLevel":
			[
				{
					"level": 1,
					"bonus": 
					{
						"type" : "STACK_HEALTH",
						"val" : 1
					}
				}
			]
		}
	},
	"swordOfSharpness":
	{
		"bonuses" : [
			{
				"subtype" : 0,
				"type" : "CREATURE_DAMAGE",
				"val" : 12,
				"valueType" : "PERCENT_TO_ALL"
			}
		],
		"index" : 148,
		"type" : ["COMMANDER"],
		"growing":
		{
			"bonusesPerLevel":
			[
				{
					"level": 1,
					"bonus": 
					{
						"type" : "CREATURE_DAMAGE",
						"val" : 1
					}
				}
			]
		}
	},
	"helmOfImmortality": //TODO: implement
	{
		"index" : 149,
		"type" : ["COMMANDER"]
	},
	"pendantOfSorcery":
	{
		"bonuses" : [
			{
				"type" : "CASTS",
				"val" : 1,
				"valueType" : "BASE_NUMBER"
			}
		],
		"index" : 150,
		"type" : ["COMMANDER"],
		"growing":
		{
			"bonusesPerLevel":
			[
				{
					"level": 10,
					"bonus": 
					{
						"type" : "CREATURE_ENCHANT_POWER",
						"val" : 1
					}
				}
			]
		}
	},
	"bootsOfHaste":
	{
		"bonuses" : [
			{
				"type" : "STACKS_SPEED",
				"val" : 1,
				"valueType" : "BASE_NUMBER"
			}
		],
		"index" : 151,
		"type" : ["COMMANDER"],
		"growing":
		{
			"bonusesPerLevel":
			[
				{
					"level": 10,
					"bonus": 
					{
						"type" : "STACKS_SPEED",
						"val" : 1
					}
				}
			]
		}
	},
	"bowOfSeeking":
	{
		"index" : 152,
		"type" : ["COMMANDER"],
		"growing":
		{
			"thresholdBonuses":
			[
				{
					"level": 5,
					"bonus":
					{
						"type" : "SHOOTER"
					}
				},
				{
					"level": 25,
					"bonus": 
					{
						"type" : "NO_WALL_PENALTY"
					}
				},
				{
					"level": 50,
					"bonus": 
					{
						"type" : "NO_DISTANCE_PENALTY"
					}
				}
			]
		}
	},
	"dragonEyeRing": //TODO: implement
	{
		"index" : 153,
		"type" : ["COMMANDER"],
	},
	"hardenedShield":
	{
		"bonuses" : [
			{
				"subtype" : "primSkill.attack",
				"type" : "PRIMARY_SKILL",
				"val" : 6,
				"valueType" : "BASE_NUMBER"
			}
		],
		"index" : 154,
		"type" : ["COMMANDER"],
		"growing":
		{
			"bonusesPerLevel":
			[
				{
					"level": 6,
					"bonus": 
					{
						"type" : "PRIMARY_SKILL",
						"subtype" : "primSkill.defence",
						"val" : 1
					}
				}
			]
		}
	},
	"slavasRingOfPower": //TODO: implement if possible
	{
		"index" : 155,
		"type" : ["COMMANDER"]
	},
	"warlordsBanner":
	{
		"bonuses" : [
			{
				"type" : "STACK_HEALTH",
				"val" : 2,
				"valueType" : "BASE_NUMBER"
			}
		],
		"index" : 156,
		"type" : ["CREATURE"]
	},
	"crimsonShieldOfRetribution": //TODO: implement
	{
		"index" : 157,
		"type" : ["HERO"]
	},
	"barbarianLordsAxeOfFerocity": //TODO: implement
	{
		"index" : 158,
		"type" : ["HERO"],
		"components":
		[
			"ogresClubOfHavoc",
			"targOfTheRampagingOgre",
			"crownOfTheSupremeMagi",
			"tunicOfTheCyclopsKing"
		]
	},
	"dragonheart":
	{
		"index" : 159,
		"type" : ["HERO"]
	},
	"gateKey":
	{
		"index" : 160,
		"type" : ["HERO"]
	},
	"art161":
	{
		"index" : 161,
		"type" : ["HERO"]
	},
	"art162":
	{
		"index" : 162,
		"type" : ["HERO"]
	},
	"art163":
	{
		"index" : 163,
		"type" : ["HERO"]
	},
	"art164":
	{
		"index" : 164,
		"type" : ["HERO"]
	},
	"art165":
	{
		"index" : 165,
		"type" : ["HERO"]
	},
	"art166":
	{
		"index" : 166,
		"type" : ["HERO"]
	},
	"art167":
	{
		"index" : 167,
		"type" : ["HERO"]
	},
	"art168":
	{
		"index" : 168,
		"type" : ["HERO"]
	},
	"art169":
	{
		"index" : 169,
		"type" : ["HERO"]
	},
	"art170":
	{
		"index" : 170,
		"type" : ["HERO"]
	}
}
