{
        "GLOCK_17": 10,
        "GLOCK_18": 3,
        "BERETTA_92F": 10,
        "BERETTA_93R": 2,
        "SW38": 15,
        "BARRACUDA": 8,
        "DESERTEAGLE": 6,
        "M1911": 5,
        "MP5K": 2,
        "MAC10": 1,
        "THOMPSON": 1,
        "COMMANDO": 1,
        "MP53": 1,
        "AKSU74": 1,
        "TYPE85": 3,
        "SKS": 1,
        "DRAGUNOV": 1,
        "M24": 1,
        "AUG": 1,
        "G41": 1,
        "MINI14": 2,
        "C7": 1,
        "FAMAS": 1,
        "AK74": 1,
        "AKM": 1,
        "M14": 1,
        "FNFAL": 1,
        "G3A3": 1,
        "M870": 5,
        "SPAS15": 1,
        "MINIMI": 1,
        "RPK74": 1,
        "HK21E": 1,
        "FLAK_JACKET": 2,
        "KEVLAR_VEST": 1,
        "SPECTRA_VEST": 1,
        "KEVLAR_LEGGINGS": 1,
        "SPECTRA_LEGGINGS": 1,
        "STEEL_HELMET": 3,
        "KEVLAR_HELMET": 1,
        "SPECTRA_HELMET": 1,
        "KEVLAR2_VEST": 1,
        "TOOLKIT": 4,
        "LOCKSMITHKIT": 3,
        "SILENCER": 2,
        "SNIPERSCOPE": 2,
        "BIPOD": 2,
        "EXTENDEDEAR": 2,
        "NIGHTGOGGLES": 2,
        "GASMASK": 4,
        "LASERSCOPE": 1,
        "UVGOGGLES": 1
}
