{
        "GLOCK_17": 10,
        "GLOCK_18": 3,
        "BERETTA_92F": 10,
        "BERETTA_93R": 2,
        "SW38": 15,
        "BARRACUDA": 8,
        "DESERTEAGLE": 6,
        "M1911": 5,
        "MP5K": 2,
        "MAC10": 1,
        "THOMPSON": 1,
        "COMMANDO": 1,
        "MP53": 1,
        "AKSU74": 1,
        "TYPE85": 3,
        "SKS": 1,
        "DRAGUNOV": 1,
        "M24": 1,
        "AUG": 1,
        "G41": 1,
        "MINI14": 2,
        "C7": 1,
        "FAMAS": 1,
        "AK74": 1,
        "AKM": 1,
        "M14": 1,
        "FNFAL": 1,
        "G3A3": 1,
        "M870": 5,
        "SPAS15": 1,
        "MINIMI": 1,
        "RPK74": 1,
        "HK21E": 1,
        "COMBAT_KNIFE": 5,
        "THROWING_KNIFE": 5,
        "GLAUNCHER": 1,
        "MORTAR": 1,
        "BRASS_KNUCKLES": 1,
        "UNDER_GLAUNCHER": 1,
        "ROCKET_LAUNCHER": 3,
        "CROWBAR": 3,
        "CLIP9_15": 50,
        "CLIP9_30": 40,
        "CLIP9_15_AP": 8,
        "CLIP9_30_AP": 4,
        "CLIP9_15_HP": 7,
        "CLIP9_30_HP": 4,
        "CLIP38_6": 50,
        "CLIP38_6_AP": 8,
        "CLIP38_6_HP": 6,
        "CLIP45_7": 40,
        "CLIP45_30": 25,
        "CLIP45_7_AP": 6,
        "CLIP45_30_AP": 8,
        "CLIP45_7_HP": 6,
        "CLIP45_30_HP": 5,
        "CLIP357_6": 40,
        "CLIP357_9": 20,
        "CLIP357_6_AP": 6,
        "CLIP357_9_AP": 5,
        "CLIP357_6_HP": 4,
        "CLIP357_9_HP": 4,
        "CLIP545_30_AP": 25,
        "CLIP545_30_HP": 5,
        "CLIP556_30_AP": 15,
        "CLIP556_30_HP": 5,
        "CLIP762W_10_AP": 15,
        "CLIP762W_30_AP": 12,
        "CLIP762W_10_HP": 4,
        "CLIP762W_30_HP": 5,
        "CLIP762N_5_AP": 10,
        "CLIP762N_20_AP": 10,
        "CLIP762N_5_HP": 5,
        "CLIP762N_20_HP": 5,
        "CLIP12G_7": 20,
        "CLIP12G_7_BUCKSHOT": 40,
        "STUN_GRENADE": 5,
        "TEARGAS_GRENADE": 5,
        "MUSTARD_GRENADE": 3,
        "MINI_GRENADE": 5,
        "HAND_GRENADE": 4,
        "MORTAR_SHELL": 3,
        "GL_HE_GRENADE": 3,
        "GL_TEARGAS_GRENADE": 3,
        "GL_STUN_GRENADE": 3,
        "GL_SMOKE_GRENADE": 3,
        "SMOKE_GRENADE": 5,
        "FLAK_JACKET": 2,
        "KEVLAR_VEST": 1,
        "SPECTRA_VEST": 1,
        "KEVLAR_LEGGINGS": 1,
        "SPECTRA_LEGGINGS": 1,
        "STEEL_HELMET": 3,
        "KEVLAR_HELMET": 1,
        "SPECTRA_HELMET": 1,
        "KEVLAR2_VEST": 1,
        "FIRSTAIDKIT": 8,
        "MEDICKIT": 6,
        "TOOLKIT": 4,
        "LOCKSMITHKIT": 3,
        "CAMOUFLAGEKIT": 2,
        "SILENCER": 2,
        "SNIPERSCOPE": 2,
        "BIPOD": 2,
        "EXTENDEDEAR": 2,
        "NIGHTGOGGLES": 2,
        "SUNGOGGLES": 5,
        "GASMASK": 4,
        "CANTEEN": 10,
        "METALDETECTOR": 2,
        "LASERSCOPE": 1,
        "DUCKBILL": 3,
        "UVGOGGLES": 1
}
