{
        "NIGHTGOGGLES": 3,

        "LASERSCOPE": 3,
        "METALDETECTOR": 2,
        "EXTENDEDEAR": 2,

        "DART_GUN": 1,

        "KEVLAR_VEST": 1,
        "KEVLAR_LEGGINGS": 1,
        "KEVLAR_HELMET": 1,
        "KEVLAR2_VEST": 1,
        "SPECTRA_VEST": 1,
        "SPECTRA_LEGGINGS": 1,
        "SPECTRA_HELMET": 1,

        "CERAMIC_PLATES": 1,

        "CAMOUFLAGEKIT": 1,

        "VIDEO_CAMERA": 1,

        "LAME_BOY": 1,
        "FUMBLE_PAK": 1,

        "GOLDWATCH": 1,
        "GOLFCLUBS": 1
}

