[
    {
        "itemIndex": 71,
        "internalName": "CLIP9_15",
        "calibre": "AMMO9",
        "capacity": 15,
        "ammoType": "AMMO_REGULAR",
        "ubGraphicType": 1,
        "ubGraphicNum": 32,
        "ubWeight": 2,
        "ubPerPocket": 8,
        "usPrice": 15,
        "ubCoolness": 2,
        "bMetal": true,
        "bSinks": true
    },
    {
        "itemIndex": 72,
        "internalName": "CLIP9_30",
        "calibre": "AMMO9",
        "capacity": 30,
        "ammoType": "AMMO_REGULAR",
        "ubGraphicType": 1,
        "ubGraphicNum": 35,
        "ubWeight": 3,
        "ubPerPocket": 4,
        "usPrice": 30,
        "ubCoolness": 4,
        "bMetal": true,
        "bSinks": true
    },
    {
        "itemIndex": 73,
        "internalName": "CLIP9_15_AP",
        "calibre": "AMMO9",
        "capacity": 15,
        "ammoType": "AMMO_AP",
        "ubGraphicType": 1,
        "ubGraphicNum": 33,
        "ubWeight": 2,
        "ubPerPocket": 8,
        "usPrice": 45,
        "ubCoolness": 4,
        "bMetal": true,
        "bSinks": true
    },
    {
        "itemIndex": 74,
        "internalName": "CLIP9_30_AP",
        "calibre": "AMMO9",
        "capacity": 30,
        "ammoType": "AMMO_AP",
        "ubGraphicType": 1,
        "ubGraphicNum": 36,
        "ubWeight": 3,
        "ubPerPocket": 4,
        "usPrice": 90,
        "ubCoolness": 6,
        "bMetal": true,
        "bSinks": true
    },
    {
        "itemIndex": 75,
        "internalName": "CLIP9_15_HP",
        "calibre": "AMMO9",
        "capacity": 15,
        "ammoType": "AMMO_HP",
        "ubGraphicType": 1,
        "ubGraphicNum": 34,
        "ubWeight": 2,
        "ubPerPocket": 8,
        "usPrice": 30,
        "ubCoolness": 3,
        "bMetal": true,
        "bSinks": true
    },
    {
        "itemIndex": 76,
        "internalName": "CLIP9_30_HP",
        "calibre": "AMMO9",
        "capacity": 30,
        "ammoType": "AMMO_HP",
        "ubGraphicType": 1,
        "ubGraphicNum": 37,
        "ubWeight": 3,
        "ubPerPocket": 4,
        "usPrice": 60,
        "ubCoolness": 5,
        "bMetal": true,
        "bSinks": true
    },
    {
        "itemIndex": 77,
        "internalName": "CLIP38_6",
        "calibre": "AMMO38",
        "capacity": 6,
        "ammoType": "AMMO_REGULAR",
        "ubGraphicType": 1,
        "ubGraphicNum": 24,
        "ubWeight": 1,
        "ubPerPocket": 8,
        "usPrice": 5,
        "ubCoolness": 1,
        "bMetal": true,
        "bSinks": true
    },
    {
        "itemIndex": 78,
        "internalName": "CLIP38_6_AP",
        "calibre": "AMMO38",
        "capacity": 6,
        "ammoType": "AMMO_AP",
        "ubGraphicType": 1,
        "ubGraphicNum": 25,
        "ubWeight": 1,
        "ubPerPocket": 8,
        "usPrice": 15,
        "ubCoolness": 3,
        "bMetal": true,
        "bSinks": true
    },
    {
        "itemIndex": 79,
        "internalName": "CLIP38_6_HP",
        "calibre": "AMMO38",
        "capacity": 6,
        "ammoType": "AMMO_HP",
        "ubGraphicType": 1,
        "ubGraphicNum": 26,
        "ubWeight": 1,
        "ubPerPocket": 8,
        "usPrice": 10,
        "ubCoolness": 2,
        "bMetal": true,
        "bSinks": true
    },
    {
        "itemIndex": 80,
        "internalName": "CLIP45_7",
        "calibre": "AMMO45",
        "capacity": 7,
        "ammoType": "AMMO_REGULAR",
        "ubGraphicType": 1,
        "ubGraphicNum": 14,
        "ubWeight": 2,
        "ubPerPocket": 8,
        "usPrice": 10,
        "ubCoolness": 2,
        "bMetal": true,
        "bSinks": true
    },
    {
        "itemIndex": 81,
        "internalName": "CLIP45_30",
        "calibre": "AMMO45",
        "capacity": 30,
        "ammoType": "AMMO_REGULAR",
        "ubGraphicType": 1,
        "ubGraphicNum": 4,
        "ubWeight": 10,
        "ubPerPocket": 4,
        "usPrice": 45,
        "ubCoolness": 3,
        "bMetal": true,
        "bSinks": true
    },
    {
        "itemIndex": 82,
        "internalName": "CLIP45_7_AP",
        "calibre": "AMMO45",
        "capacity": 7,
        "ammoType": "AMMO_AP",
        "ubGraphicType": 1,
        "ubGraphicNum": 15,
        "ubWeight": 2,
        "ubPerPocket": 8,
        "usPrice": 45,
        "ubCoolness": 4,
        "bMetal": true,
        "bSinks": true
    },
    {
        "itemIndex": 83,
        "internalName": "CLIP45_30_AP",
        "calibre": "AMMO45",
        "capacity": 30,
        "ammoType": "AMMO_AP",
        "ubGraphicType": 1,
        "ubGraphicNum": 5,
        "ubWeight": 10,
        "ubPerPocket": 4,
        "usPrice": 135,
        "ubCoolness": 5,
        "bMetal": true,
        "bSinks": true
    },
    {
        "itemIndex": 84,
        "internalName": "CLIP45_7_HP",
        "calibre": "AMMO45",
        "capacity": 7,
        "ammoType": "AMMO_HP",
        "ubGraphicType": 1,
        "ubGraphicNum": 16,
        "ubWeight": 2,
        "ubPerPocket": 8,
        "usPrice": 30,
        "ubCoolness": 3,
        "bMetal": true,
        "bSinks": true
    },
    {
        "itemIndex": 85,
        "internalName": "CLIP45_30_HP",
        "calibre": "AMMO45",
        "capacity": 30,
        "ammoType": "AMMO_HP",
        "ubGraphicType": 1,
        "ubGraphicNum": 6,
        "ubWeight": 10,
        "ubPerPocket": 4,
        "usPrice": 90,
        "ubCoolness": 4,
        "bMetal": true,
        "bSinks": true
    },
    {
        "itemIndex": 86,
        "internalName": "CLIP357_6",
        "calibre": "AMMO357",
        "capacity": 6,
        "ammoType": "AMMO_REGULAR",
        "ubGraphicType": 1,
        "ubGraphicNum": 11,
        "ubWeight": 1,
        "ubPerPocket": 8,
        "usPrice": 10,
        "ubCoolness": 1,
        "bMetal": true,
        "bSinks": true
    },
    {
        "itemIndex": 87,
        "internalName": "CLIP357_9",
        "calibre": "AMMO357",
        "capacity": 9,
        "ammoType": "AMMO_REGULAR",
        "ubGraphicType": 1,
        "ubGraphicNum": 17,
        "ubWeight": 3,
        "ubPerPocket": 8,
        "usPrice": 15,
        "ubCoolness": 1,
        "bMetal": true,
        "bSinks": true
    },
    {
        "itemIndex": 88,
        "internalName": "CLIP357_6_AP",
        "calibre": "AMMO357",
        "capacity": 6,
        "ammoType": "AMMO_AP",
        "ubGraphicType": 1,
        "ubGraphicNum": 12,
        "ubWeight": 1,
        "ubPerPocket": 8,
        "usPrice": 30,
        "ubCoolness": 3,
        "bMetal": true,
        "bSinks": true
    },
    {
        "itemIndex": 89,
        "internalName": "CLIP357_9_AP",
        "calibre": "AMMO357",
        "capacity": 9,
        "ammoType": "AMMO_AP",
        "ubGraphicType": 1,
        "ubGraphicNum": 18,
        "ubWeight": 3,
        "ubPerPocket": 8,
        "usPrice": 45,
        "ubCoolness": 3,
        "bMetal": true,
        "bSinks": true
    },
    {
        "itemIndex": 90,
        "internalName": "CLIP357_6_HP",
        "calibre": "AMMO357",
        "capacity": 6,
        "ammoType": "AMMO_HP",
        "ubGraphicType": 1,
        "ubGraphicNum": 13,
        "ubWeight": 1,
        "ubPerPocket": 8,
        "usPrice": 20,
        "ubCoolness": 2,
        "bMetal": true,
        "bSinks": true
    },
    {
        "itemIndex": 91,
        "internalName": "CLIP357_9_HP",
        "calibre": "AMMO357",
        "capacity": 9,
        "ammoType": "AMMO_HP",
        "ubGraphicType": 1,
        "ubGraphicNum": 19,
        "ubWeight": 3,
        "ubPerPocket": 8,
        "usPrice": 30,
        "ubCoolness": 2,
        "bMetal": true,
        "bSinks": true
    },
    {
        "itemIndex": 92,
        "internalName": "CLIP545_30_AP",
        "calibre": "AMMO545",
        "capacity": 30,
        "ammoType": "AMMO_AP",
        "ubGraphicType": 1,
        "ubGraphicNum": 9,
        "ubWeight": 6,
        "ubPerPocket": 4,
        "usPrice": 150,
        "ubCoolness": 5,
        "standardReplacement": "CLIP556_30_AP",
        "bMetal": true,
        "bSinks": true,
        "bBigGunList": true
    },
    {
        "itemIndex": 93,
        "internalName": "CLIP545_30_HP",
        "calibre": "AMMO545",
        "capacity": 30,
        "ammoType": "AMMO_HP",
        "ubGraphicType": 1,
        "ubGraphicNum": 10,
        "ubWeight": 6,
        "ubPerPocket": 4,
        "usPrice": 100,
        "ubCoolness": 4,
        "standardReplacement": "CLIP556_30_HP",
        "bMetal": true,
        "bSinks": true,
        "bBigGunList": true
    },
    {
        "itemIndex": 94,
        "internalName": "CLIP556_30_AP",
        "calibre": "AMMO556",
        "capacity": 30,
        "ammoType": "AMMO_AP",
        "ubGraphicType": 1,
        "ubGraphicNum": 7,
        "ubWeight": 5,
        "ubPerPocket": 4,
        "usPrice": 150,
        "ubCoolness": 4,
        "bMetal": true,
        "bSinks": true
    },
    {
        "itemIndex": 95,
        "internalName": "CLIP556_30_HP",
        "calibre": "AMMO556",
        "capacity": 30,
        "ammoType": "AMMO_HP",
        "ubGraphicType": 1,
        "ubGraphicNum": 8,
        "ubWeight": 5,
        "ubPerPocket": 4,
        "usPrice": 100,
        "ubCoolness": 3,
        "bMetal": true,
        "bSinks": true
    },
    {
        "itemIndex": 96,
        "internalName": "CLIP762W_10_AP",
        "calibre": "AMMO762W",
        "capacity": 10,
        "ammoType": "AMMO_AP",
        "ubGraphicType": 1,
        "ubGraphicNum": 22,
        "ubWeight": 3,
        "ubPerPocket": 6,
        "usPrice": 60,
        "ubCoolness": 6,
        "standardReplacement": "CLIP762N_5_AP",
        "bMetal": true,
        "bSinks": true,
        "bBigGunList": true
    },
    {
        "itemIndex": 97,
        "internalName": "CLIP762W_30_AP",
        "calibre": "AMMO762W",
        "capacity": 30,
        "ammoType": "AMMO_AP",
        "ubGraphicType": 1,
        "ubGraphicNum": 29,
        "ubWeight": 8,
        "ubPerPocket": 4,
        "usPrice": 180,
        "ubCoolness": 4,
        "standardReplacement": "CLIP762N_20_AP",
        "bMetal": true,
        "bSinks": true,
        "bBigGunList": true
    },
    {
        "itemIndex": 98,
        "internalName": "CLIP762W_10_HP",
        "calibre": "AMMO762W",
        "capacity": 10,
        "ammoType": "AMMO_HP",
        "ubGraphicType": 1,
        "ubGraphicNum": 23,
        "ubWeight": 3,
        "ubPerPocket": 6,
        "usPrice": 40,
        "ubCoolness": 5,
        "standardReplacement": "CLIP762N_5_HP",
        "bMetal": true,
        "bSinks": true,
        "bBigGunList": true
    },
    {
        "itemIndex": 99,
        "internalName": "CLIP762W_30_HP",
        "calibre": "AMMO762W",
        "capacity": 30,
        "ammoType": "AMMO_HP",
        "ubGraphicType": 1,
        "ubGraphicNum": 30,
        "ubWeight": 8,
        "ubPerPocket": 4,
        "usPrice": 120,
        "ubCoolness": 3,
        "standardReplacement": "CLIP762N_20_HP",
        "bMetal": true,
        "bSinks": true,
        "bBigGunList": true
    },
    {
        "itemIndex": 100,
        "internalName": "CLIP762N_5_AP",
        "calibre": "AMMO762N",
        "capacity": 5,
        "ammoType": "AMMO_AP",
        "ubGraphicType": 1,
        "ubGraphicNum": 3,
        "ubWeight": 1,
        "ubPerPocket": 6,
        "usPrice": 30,
        "ubCoolness": 7,
        "bMetal": true,
        "bSinks": true
    },
    {
        "itemIndex": 101,
        "internalName": "CLIP762N_20_AP",
        "calibre": "AMMO762N",
        "capacity": 20,
        "ammoType": "AMMO_AP",
        "ubGraphicType": 1,
        "ubGraphicNum": 27,
        "ubWeight": 8,
        "ubPerPocket": 4,
        "usPrice": 120,
        "ubCoolness": 6,
        "bMetal": true,
        "bSinks": true
    },
    {
        "itemIndex": 102,
        "internalName": "CLIP762N_5_HP",
        "calibre": "AMMO762N",
        "capacity": 5,
        "ammoType": "AMMO_HP",
        "ubGraphicType": 1,
        "ubGraphicNum": 2,
        "ubWeight": 1,
        "ubPerPocket": 6,
        "usPrice": 20,
        "ubCoolness": 6,
        "bMetal": true,
        "bSinks": true
    },
    {
        "itemIndex": 103,
        "internalName": "CLIP762N_20_HP",
        "calibre": "AMMO762N",
        "capacity": 20,
        "ammoType": "AMMO_HP",
        "ubGraphicType": 1,
        "ubGraphicNum": 28,
        "ubWeight": 8,
        "ubPerPocket": 4,
        "usPrice": 80,
        "ubCoolness": 5,
        "bMetal": true,
        "bSinks": true
    },
    {
        "itemIndex": 104,
        "internalName": "CLIP47_50_SAP",
        "calibre": "AMMO47",
        "capacity": 50,
        "ammoType": "AMMO_SUPER_AP",
        "ubGraphicType": 1,
        "ubGraphicNum": 31,
        "ubWeight": 5,
        "ubPerPocket": 4,
        "usPrice": 700,
        "ubCoolness": 8,
        "bMetal": true,
        "bSinks": true
    },
    {
        "itemIndex": 105,
        "internalName": "CLIP57_50_AP",
        "calibre": "AMMO57",
        "capacity": 50,
        "ammoType": "AMMO_AP",
        "ubGraphicType": 1,
        "ubGraphicNum": 20,
        "ubWeight": 9,
        "ubPerPocket": 4,
        "usPrice": 750,
        "ubCoolness": 9,
        "bMetal": true,
        "bSinks": true
    },
    {
        "itemIndex": 106,
        "internalName": "CLIP57_50_HP",
        "calibre": "AMMO57",
        "capacity": 50,
        "ammoType": "AMMO_HP",
        "ubGraphicType": 1,
        "ubGraphicNum": 21,
        "ubWeight": 9,
        "ubPerPocket": 4,
        "usPrice": 500,
        "ubCoolness": 9,
        "bMetal": true,
        "bSinks": true
    },
    {
        "itemIndex": 107,
        "internalName": "CLIP12G_7",
        "calibre": "AMMO12G",
        "capacity": 7,
        "ammoType": "AMMO_REGULAR",
        "ubGraphicType": 2,
        "ubGraphicNum": 22,
        "ubWeight": 5,
        "ubPerPocket": 6,
        "usPrice": 20,
        "ubCoolness": 3,
        "bMetal": true,
        "bSinks": true,
        "dontUseAsDefaultMagazine": true
    },
    {
        "itemIndex": 108,
        "internalName": "CLIP12G_7_BUCKSHOT",
        "calibre": "AMMO12G",
        "capacity": 7,
        "ammoType": "AMMO_BUCKSHOT",
        "ubGraphicType": 2,
        "ubGraphicNum": 4,
        "ubWeight": 5,
        "ubPerPocket": 6,
        "usPrice": 20,
        "ubCoolness": 3,
        "bMetal": true,
        "bSinks": true
    },
    {
        "itemIndex": 109,
        "internalName": "CLIPCAWS_10_SAP",
        "calibre": "AMMOCAWS",
        "capacity": 10,
        "ammoType": "AMMO_SUPER_AP",
        "ubGraphicType": 1,
        "ubGraphicNum": 0,
        "ubWeight": 10,
        "ubPerPocket": 6,
        "usPrice": 300,
        "ubCoolness": 9,
        "bMetal": true,
        "bSinks": true,
        "dontUseAsDefaultMagazine": true
    },
    {
        "itemIndex": 110,
        "internalName": "CLIPCAWS_10_FLECH",
        "calibre": "AMMOCAWS",
        "capacity": 10,
        "ammoType": "AMMO_BUCKSHOT",
        "ubGraphicType": 1,
        "ubGraphicNum": 1,
        "ubWeight": 10,
        "ubPerPocket": 6,
        "usPrice": 300,
        "ubCoolness": 9,
        "bMetal": true,
        "bSinks": true
    },
    {
        "itemIndex": 111,
        "internalName": "CLIPROCKET_AP",
        "calibre": "AMMOROCKET",
        "capacity": 5,
        "ammoType": "AMMO_SUPER_AP",
        "ubGraphicType": 1,
        "ubGraphicNum": 110,
        "ubWeight": 10,
        "ubPerPocket": 4,
        "usPrice": 500,
        "ubCoolness": 9,
        "bMetal": true,
        "bSinks": true
    },
    {
        "itemIndex": 112,
        "internalName": "CLIPROCKET_HE",
        "calibre": "AMMOROCKET",
        "capacity": 5,
        "ammoType": "AMMO_HE",
        "ubGraphicType": 1,
        "ubGraphicNum": 115,
        "ubWeight": 10,
        "ubPerPocket": 4,
        "usPrice": 500,
        "ubCoolness": 9,
        "bMetal": true,
        "bSinks": true
    },
    {
        "itemIndex": 113,
        "internalName": "CLIPROCKET_HEAT",
        "calibre": "AMMOROCKET",
        "capacity": 5,
        "ammoType": "AMMO_HEAT",
        "ubGraphicType": 1,
        "ubGraphicNum": 114,
        "ubWeight": 10,
        "ubPerPocket": 4,
        "usPrice": 500,
        "ubCoolness": 9,
        "bMetal": true,
        "bSinks": true
    },
    {
        "itemIndex": 114,
        "internalName": "CLIPDART_SLEEP",
        "calibre": "AMMODART",
        "capacity": 1,
        "ammoType": "AMMO_SLEEP_DART",
        "ubGraphicType": 1,
        "ubGraphicNum": 119,
        "ubWeight": 1,
        "ubPerPocket": 8,
        "usPrice": 10,
        "ubCoolness": 4,
        "bMetal": true,
        "bSinks": true
    },
    {
        "itemIndex": 115,
        "internalName": "CLIPFLAME",
        "calibre": "AMMOFLAME",
        "capacity": 5,
        "ammoType": "AMMO_BUCKSHOT",
        "ubGraphicType": 0,
        "ubGraphicNum": 49,
        "ubWeight": 8,
        "ubPerPocket": 4,
        "usPrice": 0,
        "ubCoolness": 0,
        "bMetal": true,
        "bSinks": true,
        "bNotBuyable": true
    },
    {
        "itemIndex": 116,
        "internalName": "CLIP_NOTHING",
        "calibre": "NOAMMO",
        "capacity": 0,
        "ammoType": "AMMO_REGULAR",
        "ubGraphicType": 0,
        "ubGraphicNum": 0,
        "ubWeight": 0,
        "ubPerPocket": 0,
        "usPrice": 0,
        "ubCoolness": 0
    },
    {
        "itemIndex": 117,
        "internalName": "CLIP_NOTHING",
        "calibre": "NOAMMO",
        "capacity": 0,
        "ammoType": "AMMO_REGULAR",
        "ubGraphicType": 0,
        "ubGraphicNum": 0,
        "ubWeight": 0,
        "ubPerPocket": 0,
        "usPrice": 0,
        "ubCoolness": 0
    },
    {
        "itemIndex": 118,
        "internalName": "CLIP_NOTHING",
        "calibre": "NOAMMO",
        "capacity": 0,
        "ammoType": "AMMO_REGULAR",
        "ubGraphicType": 0,
        "ubGraphicNum": 0,
        "ubWeight": 0,
        "ubPerPocket": 0,
        "usPrice": 0,
        "ubCoolness": 0
    },
    {
        "itemIndex": 119,
        "internalName": "CLIP_NOTHING",
        "calibre": "NOAMMO",
        "capacity": 0,
        "ammoType": "AMMO_REGULAR",
        "ubGraphicType": 0,
        "ubGraphicNum": 0,
        "ubWeight": 0,
        "ubPerPocket": 0,
        "usPrice": 0,
        "ubCoolness": 0
    },
    {
        "itemIndex": 120,
        "internalName": "CLIP_NOTHING",
        "calibre": "NOAMMO",
        "capacity": 0,
        "ammoType": "AMMO_REGULAR",
        "ubGraphicType": 0,
        "ubGraphicNum": 0,
        "ubWeight": 0,
        "ubPerPocket": 0,
        "usPrice": 0,
        "ubCoolness": 0
    },
    {
        "itemIndex": 121,
        "internalName": "CLIP_NOTHING",
        "calibre": "NOAMMO",
        "capacity": 0,
        "ammoType": "AMMO_REGULAR",
        "ubGraphicType": 0,
        "ubGraphicNum": 0,
        "ubWeight": 0,
        "ubPerPocket": 0,
        "usPrice": 0,
        "ubCoolness": 0
    },
    {
        "itemIndex": 122,
        "internalName": "CLIP_NOTHING",
        "calibre": "NOAMMO",
        "capacity": 0,
        "ammoType": "AMMO_REGULAR",
        "ubGraphicType": 0,
        "ubGraphicNum": 0,
        "ubWeight": 0,
        "ubPerPocket": 0,
        "usPrice": 0,
        "ubCoolness": 0
    },
    {
        "itemIndex": 123,
        "internalName": "CLIP_NOTHING",
        "calibre": "NOAMMO",
        "capacity": 0,
        "ammoType": "AMMO_REGULAR",
        "ubGraphicType": 0,
        "ubGraphicNum": 0,
        "ubWeight": 0,
        "ubPerPocket": 0,
        "usPrice": 0,
        "ubCoolness": 0
    },
    {
        "itemIndex": 124,
        "internalName": "CLIP_NOTHING",
        "calibre": "NOAMMO",
        "capacity": 0,
        "ammoType": "AMMO_REGULAR",
        "ubGraphicType": 0,
        "ubGraphicNum": 0,
        "ubWeight": 0,
        "ubPerPocket": 0,
        "usPrice": 0,
        "ubCoolness": 0
    },
    {
        "itemIndex": 125,
        "internalName": "CLIP_NOTHING",
        "calibre": "NOAMMO",
        "capacity": 0,
        "ammoType": "AMMO_REGULAR",
        "ubGraphicType": 0,
        "ubGraphicNum": 0,
        "ubWeight": 0,
        "ubPerPocket": 0,
        "usPrice": 0,
        "ubCoolness": 0
    },
    {
        "itemIndex": 126,
        "internalName": "CLIP_NOTHING",
        "calibre": "NOAMMO",
        "capacity": 0,
        "ammoType": "AMMO_REGULAR",
        "ubGraphicType": 0,
        "ubGraphicNum": 0,
        "ubWeight": 0,
        "ubPerPocket": 0,
        "usPrice": 0,
        "ubCoolness": 0
    },
    {
        "itemIndex": 127,
        "internalName": "CLIP_NOTHING",
        "calibre": "NOAMMO",
        "capacity": 0,
        "ammoType": "AMMO_REGULAR",
        "ubGraphicType": 0,
        "ubGraphicNum": 0,
        "ubWeight": 0,
        "ubPerPocket": 0,
        "usPrice": 0,
        "ubCoolness": 0
    },
    {
        "itemIndex": 128,
        "internalName": "CLIP_NOTHING",
        "calibre": "NOAMMO",
        "capacity": 0,
        "ammoType": "AMMO_REGULAR",
        "ubGraphicType": 0,
        "ubGraphicNum": 0,
        "ubWeight": 0,
        "ubPerPocket": 0,
        "usPrice": 0,
        "ubCoolness": 0
    },
    {
        "itemIndex": 129,
        "internalName": "CLIP_NOTHING",
        "calibre": "NOAMMO",
        "capacity": 0,
        "ammoType": "AMMO_REGULAR",
        "ubGraphicType": 0,
        "ubGraphicNum": 0,
        "ubWeight": 0,
        "ubPerPocket": 0,
        "usPrice": 0,
        "ubCoolness": 0
    },
    {
        "itemIndex": 130,
        "internalName": "CLIP_NOTHING",
        "calibre": "NOAMMO",
        "capacity": 0,
        "ammoType": "AMMO_REGULAR",
        "ubGraphicType": 0,
        "ubGraphicNum": 0,
        "ubWeight": 0,
        "ubPerPocket": 0,
        "usPrice": 0,
        "ubCoolness": 0
    }
]
