[
    {
        "itemIndex": 0,
        "internalName": "Nothing",
        "internalType": "NOWEAPON",
        "ubGraphicType": 0,
        "ubGraphicNum": 0,
        "ubWeight": 0,
        "ubPerPocket": 0,
        "usPrice": 0,
        "ubCoolness": 0,
        "bReliability": 0,
        "bRepairEase": 0,
        "rateOfFire": 0,
        "usRange": 0,
        "bNotBuyable": true
    },
    {
        "itemIndex": 1,
        "internalName": "GLOCK_17",
        "internalType": "PISTOL",
        "ubGraphicType": 0,
        "ubGraphicNum": 1,
        "ubWeight": 6,
        "ubPerPocket": 1,
        "usPrice": 350,
        "ubCoolness": 2,
        "bReliability": 2,
        "bRepairEase": 2,
        "rateOfFire": 40,
        "calibre": "AMMO9",
        "ubReadyTime": 0,
        "ubShotsPer4Turns": 14,
        "ubBulletSpeed": 24,
        "ubImpact": 21,
        "ubDeadliness": 8,
        "ubMagSize": 15,
        "usRange": 120,
        "ubAttackVolume": 60,
        "ubHitVolume": 5,
        "Sound": "sounds/weapons/9mm single shot.wav",
        "attachment_Silencer": true,
        "attachment_LaserScope": true,
        "attachment_SpringAndBoltUpgrade": true,
        "attachment_GunBarrelExtender": true,
        "bDamageable": true,
        "bRepairable": true,
        "bWaterDamages": true,
        "bMetal": true,
        "bSinks": true,
        "bShowStatus": true
    },
    {
        "itemIndex": 2,
        "internalName": "GLOCK_18",
        "internalType": "M_PISTOL",
        "ubGraphicType": 0,
        "ubGraphicNum": 2,
        "ubWeight": 6,
        "ubPerPocket": 1,
        "usPrice": 480,
        "ubCoolness": 2,
        "bReliability": 1,
        "bRepairEase": 1,
        "rateOfFire": 1300,
        "standardReplacement": "BERETTA_93R",
        "calibre": "AMMO9",
        "ubReadyTime": 0,
        "ubShotsPer4Turns": 14,
        "ubShotsPerBurst": 5,
        "ubBurstPenalty": 15,
        "ubBulletSpeed": 24,
        "ubImpact": 21,
        "ubDeadliness": 9,
        "ubMagSize": 15,
        "usRange": 120,
        "ubAttackVolume": 60,
        "ubHitVolume": 5,
        "Sound": "sounds/weapons/9mm single shot.wav",
        "BurstSound": "sounds/weapons/bursttype1.wav",
        "attachment_Silencer": true,
        "attachment_LaserScope": true,
        "attachment_SpringAndBoltUpgrade": true,
        "attachment_GunBarrelExtender": true,
        "bDamageable": true,
        "bRepairable": true,
        "bWaterDamages": true,
        "bMetal": true,
        "bSinks": true,
        "bShowStatus": true,
        "bBigGunList": true
    },
    {
        "itemIndex": 3,
        "internalName": "BERETTA_92F",
        "internalType": "PISTOL",
        "ubGraphicType": 0,
        "ubGraphicNum": 3,
        "ubWeight": 11,
        "ubPerPocket": 1,
        "usPrice": 450,
        "ubCoolness": 2,
        "bReliability": -1,
        "bRepairEase": -1,
        "rateOfFire": 45,
        "standardReplacement": "GLOCK_17",
        "calibre": "AMMO9",
        "ubReadyTime": 0,
        "ubShotsPer4Turns": 16,
        "ubBulletSpeed": 23,
        "ubImpact": 22,
        "ubDeadliness": 9,
        "ubMagSize": 15,
        "usRange": 120,
        "ubAttackVolume": 60,
        "ubHitVolume": 5,
        "Sound": "sounds/weapons/9mm single shot.wav",
        "attachment_Silencer": true,
        "attachment_LaserScope": true,
        "attachment_SpringAndBoltUpgrade": true,
        "attachment_GunBarrelExtender": true,
        "bDamageable": true,
        "bRepairable": true,
        "bWaterDamages": true,
        "bMetal": true,
        "bSinks": true,
        "bShowStatus": true,
        "bBigGunList": true
    },
    {
        "itemIndex": 4,
        "internalName": "BERETTA_93R",
        "internalType": "M_PISTOL",
        "ubGraphicType": 0,
        "ubGraphicNum": 4,
        "ubWeight": 11,
        "ubPerPocket": 1,
        "usPrice": 470,
        "ubCoolness": 2,
        "bReliability": -2,
        "bRepairEase": -2,
        "rateOfFire": 1100,
        "calibre": "AMMO9",
        "ubReadyTime": 0,
        "ubShotsPer4Turns": 13,
        "ubShotsPerBurst": 5,
        "ubBurstPenalty": 15,
        "ubBulletSpeed": 23,
        "ubImpact": 22,
        "ubDeadliness": 9,
        "ubMagSize": 15,
        "usRange": 120,
        "ubAttackVolume": 60,
        "ubHitVolume": 5,
        "Sound": "sounds/weapons/9mm single shot.wav",
        "BurstSound": "sounds/weapons/bursttype1.wav",
        "attachment_Silencer": true,
        "attachment_LaserScope": true,
        "attachment_SpringAndBoltUpgrade": true,
        "attachment_GunBarrelExtender": true,
        "bDamageable": true,
        "bRepairable": true,
        "bWaterDamages": true,
        "bMetal": true,
        "bSinks": true,
        "bShowStatus": true
    },
    {
        "itemIndex": 5,
        "internalName": "SW38",
        "internalType": "PISTOL",
        "ubGraphicType": 0,
        "ubGraphicNum": 5,
        "ubWeight": 11,
        "ubPerPocket": 1,
        "usPrice": 250,
        "ubCoolness": 1,
        "bReliability": 4,
        "bRepairEase": 4,
        "rateOfFire": 25,
        "calibre": "AMMO38",
        "ubReadyTime": 0,
        "ubShotsPer4Turns": 11,
        "ubBulletSpeed": 23,
        "ubImpact": 22,
        "ubDeadliness": 6,
        "ubMagSize": 6,
        "usRange": 130,
        "ubAttackVolume": 63,
        "ubHitVolume": 5,
        "Sound": "sounds/weapons/38 caliber.wav",
        "attachment_Silencer": true,
        "attachment_LaserScope": true,
        "attachment_SpringAndBoltUpgrade": true,
        "attachment_GunBarrelExtender": true,
        "bDamageable": true,
        "bRepairable": true,
        "bWaterDamages": true,
        "bMetal": true,
        "bSinks": true,
        "bShowStatus": true
    },
    {
        "itemIndex": 6,
        "internalName": "BARRACUDA",
        "internalType": "PISTOL",
        "ubGraphicType": 0,
        "ubGraphicNum": 6,
        "ubWeight": 10,
        "ubPerPocket": 1,
        "usPrice": 300,
        "ubCoolness": 1,
        "bReliability": 3,
        "bRepairEase": 3,
        "rateOfFire": 23,
        "standardReplacement": "DESERTEAGLE",
        "calibre": "AMMO357",
        "ubReadyTime": 0,
        "ubShotsPer4Turns": 11,
        "ubBulletSpeed": 23,
        "ubImpact": 24,
        "ubDeadliness": 7,
        "ubMagSize": 6,
        "usRange": 135,
        "ubAttackVolume": 66,
        "ubHitVolume": 6,
        "Sound": "sounds/weapons/357 single shot.wav",
        "attachment_Silencer": true,
        "attachment_LaserScope": true,
        "attachment_SpringAndBoltUpgrade": true,
        "attachment_GunBarrelExtender": true,
        "bDamageable": true,
        "bRepairable": true,
        "bWaterDamages": true,
        "bMetal": true,
        "bSinks": true,
        "bShowStatus": true,
        "bBigGunList": true
    },
    {
        "itemIndex": 7,
        "internalName": "DESERTEAGLE",
        "internalType": "PISTOL",
        "ubGraphicType": 0,
        "ubGraphicNum": 7,
        "ubWeight": 17,
        "ubPerPocket": 1,
        "usPrice": 300,
        "ubCoolness": 1,
        "bReliability": -1,
        "bRepairEase": -1,
        "rateOfFire": 27,
        "calibre": "AMMO357",
        "ubReadyTime": 0,
        "ubShotsPer4Turns": 11,
        "ubBulletSpeed": 24,
        "ubImpact": 24,
        "ubDeadliness": 7,
        "ubMagSize": 9,
        "usRange": 135,
        "ubAttackVolume": 66,
        "ubHitVolume": 6,
        "Sound": "sounds/weapons/357 single shot.wav",
        "attachment_Silencer": true,
        "attachment_LaserScope": true,
        "attachment_SpringAndBoltUpgrade": true,
        "attachment_GunBarrelExtender": true,
        "bDamageable": true,
        "bRepairable": true,
        "bWaterDamages": true,
        "bMetal": true,
        "bSinks": true,
        "bShowStatus": true
    },
    {
        "itemIndex": 8,
        "internalName": "M1911",
        "internalType": "PISTOL",
        "ubGraphicType": 0,
        "ubGraphicNum": 8,
        "ubWeight": 11,
        "ubPerPocket": 1,
        "usPrice": 400,
        "ubCoolness": 2,
        "bReliability": 0,
        "bRepairEase": 0,
        "rateOfFire": 35,
        "standardReplacement": "GLOCK_17",
        "calibre": "AMMO45",
        "ubReadyTime": 0,
        "ubShotsPer4Turns": 13,
        "ubBulletSpeed": 24,
        "ubImpact": 23,
        "ubDeadliness": 9,
        "ubMagSize": 7,
        "usRange": 125,
        "ubAttackVolume": 69,
        "ubHitVolume": 6,
        "Sound": "sounds/weapons/45 caliber single shot.wav",
        "attachment_Silencer": true,
        "attachment_LaserScope": true,
        "attachment_SpringAndBoltUpgrade": true,
        "attachment_GunBarrelExtender": true,
        "bDamageable": true,
        "bRepairable": true,
        "bWaterDamages": true,
        "bMetal": true,
        "bSinks": true,
        "bShowStatus": true,
        "bBigGunList": true
    },
    {
        "itemIndex": 9,
        "internalName": "MP5K",
        "internalType": "SMG",
        "ubGraphicType": 0,
        "ubGraphicNum": 9,
        "ubWeight": 21,
        "ubPerPocket": 0,
        "usPrice": 980,
        "ubCoolness": 3,
        "bReliability": -1,
        "bRepairEase": 0,
        "rateOfFire": 900,
        "calibre": "AMMO9",
        "ubReadyTime": 1,
        "ubShotsPer4Turns": 15,
        "ubShotsPerBurst": 5,
        "ubBurstPenalty": 8,
        "ubBulletSpeed": 23,
        "ubImpact": 23,
        "ubDeadliness": 17,
        "ubMagSize": 30,
        "usRange": 200,
        "ubAttackVolume": 75,
        "ubHitVolume": 7,
        "Sound": "sounds/weapons/9mm single shot.wav",
        "BurstSound": "sounds/weapons/bursttype1.wav",
        "attachment_Silencer": true,
        "attachment_LaserScope": true,
        "attachment_SpringAndBoltUpgrade": true,
        "attachment_GunBarrelExtender": true,
        "bDamageable": true,
        "bRepairable": true,
        "bWaterDamages": true,
        "bMetal": true,
        "bSinks": true,
        "bShowStatus": true
    },
    {
        "itemIndex": 10,
        "internalName": "MAC10",
        "internalType": "SMG",
        "ubGraphicType": 0,
        "ubGraphicNum": 10,
        "ubWeight": 28,
        "ubPerPocket": 0,
        "usPrice": 1170,
        "ubCoolness": 4,
        "bReliability": -2,
        "bRepairEase": -1,
        "rateOfFire": 1090,
        "calibre": "AMMO45",
        "ubReadyTime": 2,
        "ubShotsPer4Turns": 13,
        "ubShotsPerBurst": 5,
        "ubBurstPenalty": 8,
        "ubBulletSpeed": 23,
        "ubImpact": 27,
        "ubDeadliness": 20,
        "ubMagSize": 30,
        "usRange": 200,
        "ubAttackVolume": 75,
        "ubHitVolume": 7,
        "Sound": "sounds/weapons/45 caliber single shot.wav",
        "BurstSound": "sounds/weapons/bursttype1.wav",
        "attachment_Silencer": true,
        "attachment_LaserScope": true,
        "attachment_SpringAndBoltUpgrade": true,
        "attachment_GunBarrelExtender": true,
        "bDamageable": true,
        "bRepairable": true,
        "bWaterDamages": true,
        "bMetal": true,
        "bSinks": true,
        "bShowStatus": true
    },
    {
        "itemIndex": 11,
        "internalName": "THOMPSON",
        "internalType": "SMG",
        "ubGraphicType": 0,
        "ubGraphicNum": 11,
        "ubWeight": 48,
        "ubPerPocket": 0,
        "usPrice": 700,
        "ubCoolness": 3,
        "bReliability": 3,
        "bRepairEase": -3,
        "rateOfFire": 700,
        "standardReplacement": "MP5K",
        "calibre": "AMMO45",
        "ubReadyTime": 2,
        "ubShotsPer4Turns": 10,
        "ubShotsPerBurst": 4,
        "ubBurstPenalty": 8,
        "ubBulletSpeed": 23,
        "ubImpact": 24,
        "ubDeadliness": 14,
        "ubMagSize": 30,
        "usRange": 200,
        "ubAttackVolume": 75,
        "ubHitVolume": 7,
        "Sound": "sounds/weapons/45 caliber single shot.wav",
        "BurstSound": "sounds/weapons/bursttype1.wav",
        "attachment_Silencer": true,
        "attachment_LaserScope": true,
        "attachment_SpringAndBoltUpgrade": true,
        "attachment_GunBarrelExtender": true,
        "bDamageable": true,
        "bRepairable": true,
        "bWaterDamages": true,
        "bMetal": true,
        "bSinks": true,
        "bShowStatus": true,
        "bTwoHanded": true,
        "bBigGunList": true
    },
    {
        "itemIndex": 12,
        "internalName": "COMMANDO",
        "internalType": "SMG",
        "ubGraphicType": 0,
        "ubGraphicNum": 12,
        "ubWeight": 26,
        "ubPerPocket": 0,
        "usPrice": 1330,
        "ubCoolness": 5,
        "bReliability": 0,
        "bRepairEase": -1,
        "rateOfFire": 900,
        "calibre": "AMMO556",
        "ubReadyTime": 2,
        "ubShotsPer4Turns": 15,
        "ubShotsPerBurst": 4,
        "ubBurstPenalty": 8,
        "ubBulletSpeed": 20,
        "ubImpact": 29,
        "ubDeadliness": 23,
        "ubMagSize": 30,
        "usRange": 200,
        "ubAttackVolume": 75,
        "ubHitVolume": 7,
        "Sound": "sounds/weapons/5,56 single shot.wav",
        "BurstSound": "sounds/weapons/bursttype1.wav",
        "attachment_SniperScope": true,
        "attachment_LaserScope": true,
        "attachment_UnderGLauncher": true,
        "attachment_SpringAndBoltUpgrade": true,
        "attachment_GunBarrelExtender": true,
        "bDamageable": true,
        "bRepairable": true,
        "bWaterDamages": true,
        "bMetal": true,
        "bSinks": true,
        "bShowStatus": true,
        "bTwoHanded": true
    },
    {
        "itemIndex": 13,
        "internalName": "MP53",
        "internalType": "SMG",
        "ubGraphicType": 0,
        "ubGraphicNum": 13,
        "ubWeight": 31,
        "ubPerPocket": 0,
        "usPrice": 770,
        "ubCoolness": 3,
        "bReliability": -1,
        "bRepairEase": -1,
        "rateOfFire": 700,
        "standardReplacement": "MP5K",
        "calibre": "AMMO556",
        "ubReadyTime": 2,
        "ubShotsPer4Turns": 12,
        "ubShotsPerBurst": 3,
        "ubBurstPenalty": 8,
        "ubBulletSpeed": 22,
        "ubImpact": 25,
        "ubDeadliness": 15,
        "ubMagSize": 30,
        "usRange": 200,
        "ubAttackVolume": 75,
        "ubHitVolume": 7,
        "Sound": "sounds/weapons/5,56 single shot.wav",
        "BurstSound": "sounds/weapons/bursttype1.wav",
        "attachment_LaserScope": true,
        "attachment_SpringAndBoltUpgrade": true,
        "attachment_GunBarrelExtender": true,
        "bDamageable": true,
        "bRepairable": true,
        "bWaterDamages": true,
        "bMetal": true,
        "bSinks": true,
        "bShowStatus": true,
        "bTwoHanded": true,
        "bBigGunList": true
    },
    {
        "itemIndex": 14,
        "internalName": "AKSU74",
        "internalType": "SMG",
        "ubGraphicType": 0,
        "ubGraphicNum": 14,
        "ubWeight": 39,
        "ubPerPocket": 0,
        "usPrice": 1180,
        "ubCoolness": 4,
        "bReliability": -2,
        "bRepairEase": -1,
        "rateOfFire": 800,
        "standardReplacement": "MAC10",
        "calibre": "AMMO545",
        "ubReadyTime": 2,
        "ubShotsPer4Turns": 17,
        "ubShotsPerBurst": 4,
        "ubBurstPenalty": 8,
        "ubBulletSpeed": 21,
        "ubImpact": 26,
        "ubDeadliness": 21,
        "ubMagSize": 30,
        "usRange": 200,
        "ubAttackVolume": 75,
        "ubHitVolume": 7,
        "Sound": "sounds/weapons/5,45 single shot.wav",
        "BurstSound": "sounds/weapons/bursttype1.wav",
        "attachment_SniperScope": true,
        "attachment_LaserScope": true,
        "attachment_UnderGLauncher": true,
        "attachment_SpringAndBoltUpgrade": true,
        "attachment_GunBarrelExtender": true,
        "bDamageable": true,
        "bRepairable": true,
        "bWaterDamages": true,
        "bMetal": true,
        "bSinks": true,
        "bShowStatus": true,
        "bTwoHanded": true,
        "bBigGunList": true
    },
    {
        "itemIndex": 15,
        "internalName": "P90",
        "internalType": "SMG",
        "ubGraphicType": 0,
        "ubGraphicNum": 15,
        "ubWeight": 28,
        "ubPerPocket": 0,
        "usPrice": 2750,
        "ubCoolness": 9,
        "bReliability": -2,
        "bRepairEase": -4,
        "rateOfFire": 900,
        "calibre": "AMMO57",
        "ubReadyTime": 2,
        "ubShotsPer4Turns": 15,
        "ubShotsPerBurst": 5,
        "ubBurstPenalty": 8,
        "ubBulletSpeed": 21,
        "ubImpact": 30,
        "ubDeadliness": 42,
        "ubMagSize": 50,
        "usRange": 225,
        "ubAttackVolume": 75,
        "ubHitVolume": 7,
        "Sound": "sounds/weapons/5,7 single shot.wav",
        "BurstSound": "sounds/weapons/bursttype1.wav",
        "attachment_Silencer": true,
        "attachment_LaserScope": true,
        "attachment_SpringAndBoltUpgrade": true,
        "attachment_GunBarrelExtender": true,
        "bDamageable": true,
        "bRepairable": true,
        "bWaterDamages": true,
        "bMetal": true,
        "bSinks": true,
        "bShowStatus": true,
        "bNotBuyable": true
    },
    {
        "itemIndex": 16,
        "internalName": "TYPE85",
        "internalType": "SMG",
        "ubGraphicType": 0,
        "ubGraphicNum": 16,
        "ubWeight": 19,
        "ubPerPocket": 0,
        "usPrice": 620,
        "ubCoolness": 3,
        "bReliability": -4,
        "bRepairEase": 2,
        "rateOfFire": 780,
        "standardReplacement": "BERETTA_93R",
        "calibre": "AMMO762W",
        "ubReadyTime": 1,
        "ubShotsPer4Turns": 10,
        "ubShotsPerBurst": 4,
        "ubBurstPenalty": 11,
        "ubBulletSpeed": 23,
        "ubImpact": 23,
        "ubDeadliness": 12,
        "ubMagSize": 30,
        "usRange": 200,
        "ubAttackVolume": 75,
        "ubHitVolume": 7,
        "Sound": "sounds/weapons/7,62 wp single shot.wav",
        "BurstSound": "sounds/weapons/bursttype1.wav",
        "attachment_SniperScope": true,
        "attachment_LaserScope": true,
        "attachment_SpringAndBoltUpgrade": true,
        "attachment_GunBarrelExtender": true,
        "bDamageable": true,
        "bRepairable": true,
        "bWaterDamages": true,
        "bMetal": true,
        "bSinks": true,
        "bShowStatus": true,
        "bTwoHanded": true,
        "bBigGunList": true
    },
    {
        "itemIndex": 17,
        "internalName": "SKS",
        "internalType": "RIFLE",
        "ubGraphicType": 0,
        "ubGraphicNum": 17,
        "ubWeight": 39,
        "ubPerPocket": 0,
        "usPrice": 1350,
        "ubCoolness": 5,
        "bReliability": -4,
        "bRepairEase": -2,
        "rateOfFire": 40,
        "standardReplacement": "MINI14",
        "calibre": "AMMO762W",
        "ubReadyTime": 2,
        "ubShotsPer4Turns": 13,
        "ubBulletSpeed": 22,
        "ubImpact": 31,
        "ubDeadliness": 24,
        "ubMagSize": 10,
        "usRange": 300,
        "ubAttackVolume": 80,
        "ubHitVolume": 8,
        "Sound": "sounds/weapons/7,62 wp single shot.wav",
        "attachment_SniperScope": true,
        "attachment_LaserScope": true,
        "attachment_Bipod": true,
        "attachment_SpringAndBoltUpgrade": true,
        "attachment_GunBarrelExtender": true,
        "bDamageable": true,
        "bRepairable": true,
        "bWaterDamages": true,
        "bMetal": true,
        "bSinks": true,
        "bShowStatus": true,
        "bTwoHanded": true,
        "bBigGunList": true
    },
    {
        "itemIndex": 18,
        "internalName": "DRAGUNOV",
        "internalType": "SN_RIFLE",
        "ubGraphicType": 0,
        "ubGraphicNum": 18,
        "ubWeight": 43,
        "ubPerPocket": 0,
        "usPrice": 1930,
        "ubCoolness": 6,
        "bReliability": 2,
        "bRepairEase": 2,
        "rateOfFire": 20,
        "standardReplacement": "M24",
        "calibre": "AMMO762W",
        "ubReadyTime": 5,
        "ubShotsPer4Turns": 11,
        "ubBulletSpeed": 21,
        "ubImpact": 36,
        "ubDeadliness": 32,
        "ubMagSize": 10,
        "usRange": 750,
        "ubAttackVolume": 80,
        "ubHitVolume": 8,
        "Sound": "sounds/weapons/7,62 wp single shot.wav",
        "attachment_SniperScope": true,
        "attachment_LaserScope": true,
        "attachment_Bipod": true,
        "attachment_SpringAndBoltUpgrade": true,
        "attachment_GunBarrelExtender": true,
        "bDamageable": true,
        "bRepairable": true,
        "bWaterDamages": true,
        "bMetal": true,
        "bSinks": true,
        "bShowStatus": true,
        "bTwoHanded": true,
        "bBigGunList": true
    },
    {
        "itemIndex": 19,
        "internalName": "M24",
        "internalType": "SN_RIFLE",
        "ubGraphicType": 0,
        "ubGraphicNum": 19,
        "ubWeight": 66,
        "ubPerPocket": 0,
        "usPrice": 1950,
        "ubCoolness": 6,
        "bReliability": 4,
        "bRepairEase": 4,
        "rateOfFire": 20,
        "calibre": "AMMO762N",
        "ubReadyTime": 5,
        "ubShotsPer4Turns": 8,
        "ubBulletSpeed": 21,
        "ubImpact": 36,
        "ubDeadliness": 32,
        "ubMagSize": 5,
        "usRange": 800,
        "ubAttackVolume": 80,
        "ubHitVolume": 8,
        "Sound": "sounds/weapons/7,62 nato single shot.wav",
        "attachment_SniperScope": true,
        "attachment_LaserScope": true,
        "attachment_Bipod": true,
        "attachment_SpringAndBoltUpgrade": true,
        "attachment_GunBarrelExtender": true,
        "bDamageable": true,
        "bRepairable": true,
        "bWaterDamages": true,
        "bMetal": true,
        "bSinks": true,
        "bShowStatus": true,
        "bTwoHanded": true
    },
    {
        "itemIndex": 20,
        "internalName": "AUG",
        "internalType": "ASRIFLE",
        "ubGraphicType": 0,
        "ubGraphicNum": 20,
        "ubWeight": 36,
        "ubPerPocket": 0,
        "usPrice": 2380,
        "ubCoolness": 8,
        "bReliability": 1,
        "bRepairEase": -2,
        "rateOfFire": 650,
        "standardReplacement": "C7",
        "calibre": "AMMO556",
        "ubReadyTime": 2,
        "ubShotsPer4Turns": 13,
        "ubShotsPerBurst": 3,
        "ubBurstPenalty": 8,
        "ubBulletSpeed": 20,
        "ubImpact": 30,
        "ubDeadliness": 38,
        "ubMagSize": 30,
        "usRange": 500,
        "ubAttackVolume": 77,
        "ubHitVolume": 8,
        "Sound": "sounds/weapons/5,56 single shot.wav",
        "BurstSound": "sounds/weapons/bursttype1.wav",
        "attachment_SniperScope": true,
        "attachment_LaserScope": true,
        "attachment_Bipod": true,
        "attachment_UnderGLauncher": true,
        "attachment_SpringAndBoltUpgrade": true,
        "attachment_GunBarrelExtender": true,
        "bDamageable": true,
        "bRepairable": true,
        "bWaterDamages": true,
        "bMetal": true,
        "bSinks": true,
        "bShowStatus": true,
        "bTwoHanded": true,
        "bBigGunList": true
    },
    {
        "itemIndex": 21,
        "internalName": "G41",
        "internalType": "ASRIFLE",
        "ubGraphicType": 0,
        "ubGraphicNum": 21,
        "ubWeight": 41,
        "ubPerPocket": 0,
        "usPrice": 1620,
        "ubCoolness": 6,
        "bReliability": 1,
        "bRepairEase": -1,
        "rateOfFire": 850,
        "calibre": "AMMO556",
        "ubReadyTime": 2,
        "ubShotsPer4Turns": 13,
        "ubShotsPerBurst": 4,
        "ubBurstPenalty": 8,
        "ubBulletSpeed": 20,
        "ubImpact": 29,
        "ubDeadliness": 27,
        "ubMagSize": 30,
        "usRange": 300,
        "ubAttackVolume": 77,
        "ubHitVolume": 8,
        "Sound": "sounds/weapons/5,56 single shot.wav",
        "BurstSound": "sounds/weapons/bursttype1.wav",
        "attachment_SniperScope": true,
        "attachment_LaserScope": true,
        "attachment_Bipod": true,
        "attachment_UnderGLauncher": true,
        "attachment_SpringAndBoltUpgrade": true,
        "attachment_GunBarrelExtender": true,
        "bDamageable": true,
        "bRepairable": true,
        "bWaterDamages": true,
        "bMetal": true,
        "bSinks": true,
        "bShowStatus": true,
        "bTwoHanded": true
    },
    {
        "itemIndex": 22,
        "internalName": "MINI14",
        "internalType": "RIFLE",
        "ubGraphicType": 0,
        "ubGraphicNum": 22,
        "ubWeight": 29,
        "ubPerPocket": 0,
        "usPrice": 1100,
        "ubCoolness": 4,
        "bReliability": 0,
        "bRepairEase": -1,
        "rateOfFire": 750,
        "calibre": "AMMO556",
        "ubReadyTime": 2,
        "ubShotsPer4Turns": 13,
        "ubBulletSpeed": 20,
        "ubImpact": 30,
        "ubDeadliness": 20,
        "ubMagSize": 30,
        "usRange": 250,
        "ubAttackVolume": 77,
        "ubHitVolume": 8,
        "Sound": "sounds/weapons/5,56 single shot.wav",
        "attachment_SniperScope": true,
        "attachment_LaserScope": true,
        "attachment_Bipod": true,
        "attachment_UnderGLauncher": true,
        "attachment_SpringAndBoltUpgrade": true,
        "attachment_GunBarrelExtender": true,
        "bDamageable": true,
        "bRepairable": true,
        "bWaterDamages": true,
        "bMetal": true,
        "bSinks": true,
        "bShowStatus": true,
        "bTwoHanded": true
    },
    {
        "itemIndex": 23,
        "internalName": "C7",
        "internalType": "ASRIFLE",
        "ubGraphicType": 0,
        "ubGraphicNum": 23,
        "ubWeight": 36,
        "ubPerPocket": 0,
        "usPrice": 2680,
        "ubCoolness": 8,
        "bReliability": -1,
        "bRepairEase": -1,
        "rateOfFire": 600,
        "calibre": "AMMO556",
        "ubReadyTime": 2,
        "ubShotsPer4Turns": 15,
        "ubShotsPerBurst": 5,
        "ubBurstPenalty": 8,
        "ubBulletSpeed": 20,
        "ubImpact": 30,
        "ubDeadliness": 41,
        "ubMagSize": 30,
        "usRange": 400,
        "ubAttackVolume": 77,
        "ubHitVolume": 8,
        "Sound": "sounds/weapons/5,56 single shot.wav",
        "BurstSound": "sounds/weapons/bursttype1.wav",
        "attachment_SniperScope": true,
        "attachment_LaserScope": true,
        "attachment_Bipod": true,
        "attachment_UnderGLauncher": true,
        "attachment_SpringAndBoltUpgrade": true,
        "attachment_GunBarrelExtender": true,
        "bDamageable": true,
        "bRepairable": true,
        "bWaterDamages": true,
        "bMetal": true,
        "bSinks": true,
        "bShowStatus": true,
        "bTwoHanded": true
    },
    {
        "itemIndex": 24,
        "internalName": "FAMAS",
        "internalType": "ASRIFLE",
        "ubGraphicType": 0,
        "ubGraphicNum": 24,
        "ubWeight": 36,
        "ubPerPocket": 0,
        "usPrice": 1970,
        "ubCoolness": 7,
        "bReliability": -2,
        "bRepairEase": -2,
        "rateOfFire": 900,
        "standardReplacement": "M14",
        "calibre": "AMMO556",
        "ubReadyTime": 2,
        "ubShotsPer4Turns": 17,
        "ubShotsPerBurst": 5,
        "ubBurstPenalty": 8,
        "ubBulletSpeed": 20,
        "ubImpact": 30,
        "ubDeadliness": 32,
        "ubMagSize": 30,
        "usRange": 250,
        "ubAttackVolume": 77,
        "ubHitVolume": 8,
        "Sound": "sounds/weapons/5,56 single shot.wav",
        "BurstSound": "sounds/weapons/bursttype1.wav",
        "attachment_SniperScope": true,
        "attachment_LaserScope": true,
        "attachment_Bipod": true,
        "attachment_UnderGLauncher": true,
        "attachment_SpringAndBoltUpgrade": true,
        "attachment_GunBarrelExtender": true,
        "bDamageable": true,
        "bRepairable": true,
        "bWaterDamages": true,
        "bMetal": true,
        "bSinks": true,
        "bShowStatus": true,
        "bTwoHanded": true,
        "bBigGunList": true
    },
    {
        "itemIndex": 25,
        "internalName": "AK74",
        "internalType": "ASRIFLE",
        "ubGraphicType": 0,
        "ubGraphicNum": 25,
        "ubWeight": 36,
        "ubPerPocket": 0,
        "usPrice": 1830,
        "ubCoolness": 6,
        "bReliability": -1,
        "bRepairEase": -2,
        "rateOfFire": 650,
        "standardReplacement": "G41",
        "calibre": "AMMO545",
        "ubReadyTime": 2,
        "ubShotsPer4Turns": 17,
        "ubShotsPerBurst": 3,
        "ubBurstPenalty": 8,
        "ubBulletSpeed": 20,
        "ubImpact": 28,
        "ubDeadliness": 30,
        "ubMagSize": 30,
        "usRange": 350,
        "ubAttackVolume": 77,
        "ubHitVolume": 8,
        "Sound": "sounds/weapons/5,45 single shot.wav",
        "BurstSound": "sounds/weapons/bursttype1.wav",
        "attachment_SniperScope": true,
        "attachment_LaserScope": true,
        "attachment_Bipod": true,
        "attachment_UnderGLauncher": true,
        "attachment_SpringAndBoltUpgrade": true,
        "attachment_GunBarrelExtender": true,
        "bDamageable": true,
        "bRepairable": true,
        "bWaterDamages": true,
        "bMetal": true,
        "bSinks": true,
        "bShowStatus": true,
        "bTwoHanded": true,
        "bBigGunList": true
    },
    {
        "itemIndex": 26,
        "internalName": "AKM",
        "internalType": "ASRIFLE",
        "ubGraphicType": 0,
        "ubGraphicNum": 26,
        "ubWeight": 43,
        "ubPerPocket": 0,
        "usPrice": 1450,
        "ubCoolness": 5,
        "bReliability": 2,
        "bRepairEase": 2,
        "rateOfFire": 600,
        "standardReplacement": "G41",
        "calibre": "AMMO762W",
        "ubReadyTime": 2,
        "ubShotsPer4Turns": 17,
        "ubShotsPerBurst": 3,
        "ubBurstPenalty": 11,
        "ubBulletSpeed": 22,
        "ubImpact": 29,
        "ubDeadliness": 25,
        "ubMagSize": 30,
        "usRange": 250,
        "ubAttackVolume": 77,
        "ubHitVolume": 8,
        "Sound": "sounds/weapons/7,62 wp single shot.wav",
        "BurstSound": "sounds/weapons/bursttype1.wav",
        "attachment_SniperScope": true,
        "attachment_LaserScope": true,
        "attachment_Bipod": true,
        "attachment_UnderGLauncher": true,
        "attachment_SpringAndBoltUpgrade": true,
        "attachment_GunBarrelExtender": true,
        "bDamageable": true,
        "bRepairable": true,
        "bWaterDamages": true,
        "bMetal": true,
        "bSinks": true,
        "bShowStatus": true,
        "bTwoHanded": true,
        "bBigGunList": true
    },
    {
        "itemIndex": 27,
        "internalName": "M14",
        "internalType": "ASRIFLE",
        "ubGraphicType": 0,
        "ubGraphicNum": 27,
        "ubWeight": 29,
        "ubPerPocket": 0,
        "usPrice": 2120,
        "ubCoolness": 7,
        "bReliability": 1,
        "bRepairEase": -1,
        "rateOfFire": 750,
        "calibre": "AMMO762N",
        "ubReadyTime": 2,
        "ubShotsPer4Turns": 13,
        "ubShotsPerBurst": 4,
        "ubBurstPenalty": 11,
        "ubBulletSpeed": 20,
        "ubImpact": 33,
        "ubDeadliness": 33,
        "ubMagSize": 20,
        "usRange": 330,
        "ubAttackVolume": 80,
        "ubHitVolume": 8,
        "Sound": "sounds/weapons/7,62 nato single shot.wav",
        "BurstSound": "sounds/weapons/bursttype1.wav",
        "attachment_SniperScope": true,
        "attachment_LaserScope": true,
        "attachment_Bipod": true,
        "attachment_UnderGLauncher": true,
        "attachment_SpringAndBoltUpgrade": true,
        "attachment_GunBarrelExtender": true,
        "bDamageable": true,
        "bRepairable": true,
        "bWaterDamages": true,
        "bMetal": true,
        "bSinks": true,
        "bShowStatus": true,
        "bTwoHanded": true
    },
    {
        "itemIndex": 28,
        "internalName": "FNFAL",
        "internalType": "ASRIFLE",
        "ubGraphicType": 0,
        "ubGraphicNum": 28,
        "ubWeight": 43,
        "ubPerPocket": 0,
        "usPrice": 2680,
        "ubCoolness": 8,
        "bReliability": 0,
        "bRepairEase": -1,
        "rateOfFire": 650,
        "calibre": "AMMO762N",
        "ubReadyTime": 2,
        "ubShotsPer4Turns": 17,
        "ubShotsPerBurst": 3,
        "ubBurstPenalty": 11,
        "ubBulletSpeed": 20,
        "ubImpact": 32,
        "ubDeadliness": 41,
        "ubMagSize": 20,
        "usRange": 425,
        "ubAttackVolume": 80,
        "ubHitVolume": 8,
        "Sound": "sounds/weapons/7,62 nato single shot.wav",
        "BurstSound": "sounds/weapons/bursttype1.wav",
        "attachment_SniperScope": true,
        "attachment_LaserScope": true,
        "attachment_Bipod": true,
        "attachment_UnderGLauncher": true,
        "attachment_SpringAndBoltUpgrade": true,
        "attachment_GunBarrelExtender": true,
        "bDamageable": true,
        "bRepairable": true,
        "bWaterDamages": true,
        "bMetal": true,
        "bSinks": true,
        "bShowStatus": true,
        "bTwoHanded": true
    },
    {
        "itemIndex": 29,
        "internalName": "G3A3",
        "internalType": "ASRIFLE",
        "ubGraphicType": 0,
        "ubGraphicNum": 29,
        "ubWeight": 44,
        "ubPerPocket": 0,
        "usPrice": 1570,
        "ubCoolness": 5,
        "bReliability": 1,
        "bRepairEase": -1,
        "rateOfFire": 500,
        "standardReplacement": "G41",
        "calibre": "AMMO762N",
        "ubReadyTime": 2,
        "ubShotsPer4Turns": 13,
        "ubShotsPerBurst": 3,
        "ubBurstPenalty": 11,
        "ubBulletSpeed": 21,
        "ubImpact": 31,
        "ubDeadliness": 26,
        "ubMagSize": 20,
        "usRange": 300,
        "ubAttackVolume": 80,
        "ubHitVolume": 8,
        "Sound": "sounds/weapons/7,62 nato single shot.wav",
        "BurstSound": "sounds/weapons/bursttype1.wav",
        "attachment_SniperScope": true,
        "attachment_LaserScope": true,
        "attachment_Bipod": true,
        "attachment_UnderGLauncher": true,
        "attachment_SpringAndBoltUpgrade": true,
        "attachment_GunBarrelExtender": true,
        "bDamageable": true,
        "bRepairable": true,
        "bWaterDamages": true,
        "bMetal": true,
        "bSinks": true,
        "bShowStatus": true,
        "bTwoHanded": true,
        "bBigGunList": true
    },
    {
        "itemIndex": 30,
        "internalName": "G11",
        "internalType": "ASRIFLE",
        "ubGraphicType": 0,
        "ubGraphicNum": 30,
        "ubWeight": 38,
        "ubPerPocket": 0,
        "usPrice": 2530,
        "ubCoolness": 8,
        "bReliability": 3,
        "bRepairEase": -4,
        "rateOfFire": 600,
        "calibre": "AMMO47",
        "ubReadyTime": 2,
        "ubShotsPer4Turns": 13,
        "ubShotsPerBurst": 3,
        "ubBurstPenalty": 0,
        "ubBulletSpeed": 20,
        "ubImpact": 27,
        "ubDeadliness": 40,
        "ubMagSize": 50,
        "usRange": 300,
        "ubAttackVolume": 80,
        "ubHitVolume": 8,
        "Sound": "sounds/weapons/4,7 single shot.wav",
        "BurstSound": "sounds/weapons/bursttype1.wav",
        "attachment_SniperScope": true,
        "attachment_LaserScope": true,
        "attachment_Bipod": true,
        "attachment_SpringAndBoltUpgrade": true,
        "attachment_GunBarrelExtender": true,
        "bDamageable": true,
        "bRepairable": true,
        "bWaterDamages": true,
        "bMetal": true,
        "bSinks": true,
        "bShowStatus": true,
        "bTwoHanded": true,
        "bNotBuyable": true
    },
    {
        "itemIndex": 31,
        "internalName": "M870",
        "internalType": "SHOTGUN",
        "ubGraphicType": 0,
        "ubGraphicNum": 31,
        "ubWeight": 36,
        "ubPerPocket": 0,
        "usPrice": 670,
        "ubCoolness": 3,
        "bReliability": 3,
        "bRepairEase": 3,
        "rateOfFire": 21,
        "calibre": "AMMO12G",
        "ubReadyTime": 2,
        "ubShotsPer4Turns": 7,
        "ubShotsPerBurst": 0,
        "ubBurstPenalty": 0,
        "ubBulletSpeed": 24,
        "ubImpact": 32,
        "ubDeadliness": 14,
        "ubMagSize": 7,
        "usRange": 135,
        "ubAttackVolume": 80,
        "ubHitVolume": 8,
        "Sound": "sounds/weapons/shotgun single shot.wav",
        "BurstSound": "sounds/weapons/bursttype1.wav",
        "attachment_SniperScope": true,
        "attachment_LaserScope": true,
        "attachment_Duckbill": true,
        "attachment_SpringAndBoltUpgrade": true,
        "attachment_GunBarrelExtender": true,
        "bDamageable": true,
        "bRepairable": true,
        "bWaterDamages": true,
        "bMetal": true,
        "bSinks": true,
        "bShowStatus": true,
        "bTwoHanded": true
    },
    {
        "itemIndex": 32,
        "internalName": "SPAS15",
        "internalType": "SHOTGUN",
        "ubGraphicType": 0,
        "ubGraphicNum": 32,
        "ubWeight": 38,
        "ubPerPocket": 0,
        "usPrice": 980,
        "ubCoolness": 4,
        "bReliability": -2,
        "bRepairEase": -2,
        "rateOfFire": 30,
        "standardReplacement": "M870",
        "calibre": "AMMO12G",
        "ubReadyTime": 2,
        "ubShotsPer4Turns": 10,
        "ubShotsPerBurst": 0,
        "ubBurstPenalty": 0,
        "ubBulletSpeed": 24,
        "ubImpact": 32,
        "ubDeadliness": 18,
        "ubMagSize": 7,
        "usRange": 135,
        "ubAttackVolume": 80,
        "ubHitVolume": 8,
        "Sound": "sounds/weapons/shotgun single shot.wav",
        "BurstSound": "sounds/weapons/bursttype1.wav",
        "attachment_SniperScope": true,
        "attachment_LaserScope": true,
        "attachment_Duckbill": true,
        "attachment_SpringAndBoltUpgrade": true,
        "attachment_GunBarrelExtender": true,
        "bDamageable": true,
        "bRepairable": true,
        "bWaterDamages": true,
        "bMetal": true,
        "bSinks": true,
        "bShowStatus": true,
        "bTwoHanded": true,
        "bBigGunList": true
    },
    {
        "itemIndex": 33,
        "internalName": "CAWS",
        "internalType": "SHOTGUN",
        "ubGraphicType": 0,
        "ubGraphicNum": 33,
        "ubWeight": 41,
        "ubPerPocket": 0,
        "usPrice": 2900,
        "ubCoolness": 9,
        "bReliability": -3,
        "bRepairEase": -3,
        "rateOfFire": -1,
        "calibre": "AMMOCAWS",
        "ubReadyTime": 2,
        "ubShotsPer4Turns": 10,
        "ubShotsPerBurst": 3,
        "ubBurstPenalty": 11,
        "ubBulletSpeed": 24,
        "ubImpact": 40,
        "ubDeadliness": 44,
        "ubMagSize": 10,
        "usRange": 135,
        "ubAttackVolume": 80,
        "ubHitVolume": 8,
        "Sound": "sounds/weapons/shotgun single shot.wav",
        "BurstSound": "sounds/weapons/bursttype1.wav",
        "attachment_SniperScope": true,
        "attachment_LaserScope": true,
        "attachment_Bipod": true,
        "attachment_Duckbill": true,
        "attachment_SpringAndBoltUpgrade": true,
        "attachment_GunBarrelExtender": true,
        "bDamageable": true,
        "bRepairable": true,
        "bWaterDamages": true,
        "bMetal": true,
        "bSinks": true,
        "bShowStatus": true,
        "bTwoHanded": true,
        "bNotBuyable": true
    },
    {
        "itemIndex": 34,
        "internalName": "MINIMI",
        "internalType": "LMG",
        "ubGraphicType": 0,
        "ubGraphicNum": 34,
        "ubWeight": 68,
        "ubPerPocket": 0,
        "usPrice": 3100,
        "ubCoolness": 10,
        "bReliability": -1,
        "bRepairEase": -2,
        "rateOfFire": 750,
        "calibre": "AMMO556",
        "ubReadyTime": 3,
        "ubShotsPer4Turns": 13,
        "ubShotsPerBurst": 6,
        "ubBurstPenalty": 5,
        "ubBulletSpeed": 20,
        "ubImpact": 28,
        "ubDeadliness": 48,
        "ubMagSize": 30,
        "usRange": 500,
        "ubAttackVolume": 82,
        "ubHitVolume": 8,
        "Sound": "sounds/weapons/5,56 single shot.wav",
        "BurstSound": "sounds/weapons/bursttype1.wav",
        "attachment_SniperScope": true,
        "attachment_LaserScope": true,
        "attachment_Bipod": true,
        "attachment_UnderGLauncher": true,
        "attachment_SpringAndBoltUpgrade": true,
        "attachment_GunBarrelExtender": true,
        "bDamageable": true,
        "bRepairable": true,
        "bWaterDamages": true,
        "bMetal": true,
        "bSinks": true,
        "bShowStatus": true,
        "bTwoHanded": true
    },
    {
        "itemIndex": 35,
        "internalName": "RPK74",
        "internalType": "LMG",
        "ubGraphicType": 0,
        "ubGraphicNum": 35,
        "ubWeight": 48,
        "ubPerPocket": 0,
        "usPrice": 3180,
        "ubCoolness": 10,
        "bReliability": -1,
        "bRepairEase": -2,
        "rateOfFire": 800,
        "standardReplacement": "MINIMI",
        "calibre": "AMMO545",
        "ubReadyTime": 2,
        "ubShotsPer4Turns": 13,
        "ubShotsPerBurst": 5,
        "ubBurstPenalty": 5,
        "ubBulletSpeed": 21,
        "ubImpact": 30,
        "ubDeadliness": 49,
        "ubMagSize": 30,
        "usRange": 500,
        "ubAttackVolume": 82,
        "ubHitVolume": 8,
        "Sound": "sounds/weapons/5,45 single shot.wav",
        "BurstSound": "sounds/weapons/bursttype1.wav",
        "attachment_SniperScope": true,
        "attachment_LaserScope": true,
        "attachment_Bipod": true,
        "attachment_UnderGLauncher": true,
        "attachment_SpringAndBoltUpgrade": true,
        "attachment_GunBarrelExtender": true,
        "bDamageable": true,
        "bRepairable": true,
        "bWaterDamages": true,
        "bMetal": true,
        "bSinks": true,
        "bShowStatus": true,
        "bTwoHanded": true,
        "bBigGunList": true
    },
    {
        "itemIndex": 36,
        "internalName": "HK21E",
        "internalType": "LMG",
        "ubGraphicType": 0,
        "ubGraphicNum": 36,
        "ubWeight": 93,
        "ubPerPocket": 0,
        "usPrice": 3420,
        "ubCoolness": 10,
        "bReliability": 2,
        "bRepairEase": 1,
        "rateOfFire": 800,
        "standardReplacement": "MINIMI",
        "calibre": "AMMO762N",
        "ubReadyTime": 3,
        "ubShotsPer4Turns": 13,
        "ubShotsPerBurst": 5,
        "ubBurstPenalty": 7,
        "ubBulletSpeed": 21,
        "ubImpact": 32,
        "ubDeadliness": 52,
        "ubMagSize": 20,
        "usRange": 500,
        "ubAttackVolume": 82,
        "ubHitVolume": 8,
        "Sound": "sounds/weapons/7,62 wp single shot.wav",
        "BurstSound": "sounds/weapons/bursttype1.wav",
        "attachment_SniperScope": true,
        "attachment_LaserScope": true,
        "attachment_Bipod": true,
        "attachment_UnderGLauncher": true,
        "attachment_SpringAndBoltUpgrade": true,
        "attachment_GunBarrelExtender": true,
        "bDamageable": true,
        "bRepairable": true,
        "bWaterDamages": true,
        "bMetal": true,
        "bSinks": true,
        "bShowStatus": true,
        "bTwoHanded": true,
        "bBigGunList": true
    },
    {
        "itemIndex": 37,
        "internalName": "COMBAT_KNIFE",
        "internalType": "BLADE",
        "ubGraphicType": 1,
        "ubGraphicNum": 79,
        "ubWeight": 9,
        "ubPerPocket": 2,
        "usPrice": 100,
        "ubCoolness": 2,
        "bReliability": 2,
        "bRepairEase": 2,
        "rateOfFire": 0,
        "ubShotsPer4Turns": 12,
        "ubImpact": 18,
        "ubDeadliness": 5,
        "usRange": 40,
        "ubAttackVolume": 2,
        "Sound": "",
        "bDamageable": true,
        "bRepairable": true,
        "bWaterDamages": true,
        "bMetal": true,
        "bSinks": true,
        "bShowStatus": true
    },
    {
        "itemIndex": 38,
        "internalName": "THROWING_KNIFE",
        "internalType": "THROWINGBLADE",
        "ubGraphicType": 1,
        "ubGraphicNum": 53,
        "ubWeight": 1,
        "ubPerPocket": 4,
        "usPrice": 50,
        "ubCoolness": 3,
        "bReliability": -1,
        "bRepairEase": -1,
        "rateOfFire": 0,
        "ubShotsPer4Turns": 12,
        "ubImpact": 15,
        "ubDeadliness": 4,
        "usRange": 150,
        "ubAttackVolume": 2,
        "Sound": "sounds/weapons/knife throw swoosh.wav",
        "bDamageable": true,
        "bRepairable": true,
        "bWaterDamages": true,
        "bMetal": true,
        "bSinks": true,
        "bShowStatus": true
    },
    {
        "thrown": true,
        "itemIndex": 39,
        "internalName": "ROCK",
        "internalType": "NOWEAPON",
        "ubGraphicType": 1,
        "ubGraphicNum": 57,
        "ubWeight": 5,
        "ubPerPocket": 2,
        "usPrice": 0,
        "ubCoolness": 0,
        "bReliability": 0,
        "bRepairEase": 0,
        "rateOfFire": 0,
        "usRange": 0,
        "bNotBuyable": true
    },
    {
        "itemIndex": 40,
        "internalName": "GLAUNCHER",
        "internalType": "LAUNCHER",
        "ubGraphicType": 0,
        "ubGraphicNum": 37,
        "ubWeight": 26,
        "ubPerPocket": 0,
        "usPrice": 900,
        "ubCoolness": 7,
        "bReliability": 0,
        "bRepairEase": -1,
        "rateOfFire": 1,
        "ubReadyTime": 3,
        "ubShotsPer4Turns": 5,
        "ubBulletSpeed": 30,
        "ubDeadliness": 80,
        "usRange": 500,
        "ubAttackVolume": 20,
        "ubHitVolume": 10,
        "Sound": "sounds/weapons/mortar fire 01.wav",
        "bDamageable": true,
        "bRepairable": true,
        "bWaterDamages": true,
        "bMetal": true,
        "bSinks": true,
        "bShowStatus": true,
        "bTwoHanded": true
    },
    {
        "itemIndex": 41,
        "internalName": "MORTAR",
        "internalType": "LAUNCHER",
        "ubGraphicType": 0,
        "ubGraphicNum": 0,
        "ubWeight": 77,
        "ubPerPocket": 0,
        "usPrice": 1800,
        "ubCoolness": 10,
        "bReliability": 0,
        "bRepairEase": -2,
        "rateOfFire": 1,
        "ubReadyTime": 0,
        "ubShotsPer4Turns": 5,
        "ubBulletSpeed": 30,
        "ubDeadliness": 100,
        "usRange": 550,
        "ubAttackVolume": 20,
        "ubHitVolume": 10,
        "Sound": "sounds/weapons/mortar fire 01.wav",
        "bDamageable": true,
        "bRepairable": true,
        "bWaterDamages": true,
        "bMetal": true,
        "bSinks": true,
        "bShowStatus": true,
        "bTwoHanded": true
    },
    {
        "thrown": true,
        "itemIndex": 42,
        "internalName": "ROCK2",
        "internalType": "NOWEAPON",
        "ubGraphicType": 1,
        "ubGraphicNum": 60,
        "ubWeight": 4,
        "ubPerPocket": 3,
        "usPrice": 0,
        "ubCoolness": 0,
        "bReliability": 0,
        "bRepairEase": 0,
        "rateOfFire": 0,
        "usRange": 0,
        "bNotBuyable": true
    },
    {
        "itemIndex": 43,
        "internalName": "CREATURE_YOUNG_MALE_CLAWS",
        "internalType": "BLADE",
        "ubGraphicType": 0,
        "ubGraphicNum": 0,
        "ubWeight": 0,
        "ubPerPocket": 1,
        "usPrice": 0,
        "ubCoolness": 0,
        "bReliability": 0,
        "bRepairEase": 0,
        "rateOfFire": 0,
        "ubShotsPer4Turns": 10,
        "ubImpact": 14,
        "ubDeadliness": 1,
        "usRange": 10,
        "ubAttackVolume": 2,
        "Sound": "",
        "bNotBuyable": true,
        "bNotEditor": true,
        "bDefaultUndroppable": true
    },
    {
        "itemIndex": 44,
        "internalName": "CREATURE_OLD_MALE_CLAWS",
        "internalType": "BLADE",
        "ubGraphicType": 0,
        "ubGraphicNum": 0,
        "ubWeight": 0,
        "ubPerPocket": 1,
        "usPrice": 0,
        "ubCoolness": 0,
        "bReliability": 0,
        "bRepairEase": 0,
        "rateOfFire": 0,
        "ubShotsPer4Turns": 10,
        "ubImpact": 18,
        "ubDeadliness": 1,
        "usRange": 10,
        "ubAttackVolume": 2,
        "Sound": "",
        "bNotBuyable": true,
        "bNotEditor": true,
        "bDefaultUndroppable": true
    },
    {
        "itemIndex": 45,
        "internalName": "CREATURE_YOUNG_FEMALE_CLAWS",
        "internalType": "BLADE",
        "ubGraphicType": 0,
        "ubGraphicNum": 0,
        "ubWeight": 0,
        "ubPerPocket": 1,
        "usPrice": 0,
        "ubCoolness": 0,
        "bReliability": 0,
        "bRepairEase": 0,
        "rateOfFire": 0,
        "ubShotsPer4Turns": 10,
        "ubImpact": 20,
        "ubDeadliness": 1,
        "usRange": 10,
        "ubAttackVolume": 2,
        "Sound": "",
        "bNotBuyable": true,
        "bNotEditor": true,
        "bDefaultUndroppable": true
    },
    {
        "itemIndex": 46,
        "internalName": "CREATURE_OLD_FEMALE_CLAWS",
        "internalType": "BLADE",
        "ubGraphicType": 0,
        "ubGraphicNum": 0,
        "ubWeight": 0,
        "ubPerPocket": 1,
        "usPrice": 0,
        "ubCoolness": 0,
        "bReliability": 0,
        "bRepairEase": 0,
        "rateOfFire": 0,
        "ubShotsPer4Turns": 10,
        "ubImpact": 24,
        "ubDeadliness": 1,
        "usRange": 10,
        "ubAttackVolume": 2,
        "Sound": "",
        "bNotBuyable": true,
        "bNotEditor": true,
        "bDefaultUndroppable": true
    },
    {
        "itemIndex": 47,
        "internalName": "CREATURE_QUEEN_TENTACLES",
        "internalType": "BLADE",
        "ubGraphicType": 0,
        "ubGraphicNum": 0,
        "ubWeight": 0,
        "ubPerPocket": 1,
        "usPrice": 0,
        "ubCoolness": 0,
        "bReliability": 0,
        "bRepairEase": 0,
        "rateOfFire": 0,
        "ubShotsPer4Turns": 10,
        "ubImpact": 20,
        "ubDeadliness": 1,
        "usRange": 70,
        "ubAttackVolume": 2,
        "Sound": "",
        "bNotBuyable": true,
        "bNotEditor": true,
        "bDefaultUndroppable": true
    },
    {
        "itemIndex": 48,
        "internalName": "CREATURE_QUEEN_SPIT",
        "internalType": "MONSTSPIT",
        "ubGraphicType": 0,
        "ubGraphicNum": 0,
        "ubWeight": 0,
        "ubPerPocket": 1,
        "usPrice": 0,
        "ubCoolness": 0,
        "bReliability": 0,
        "bRepairEase": 0,
        "rateOfFire": 0,
        "calibre": "AMMOMONST",
        "ubShotsPer4Turns": 10,
        "ubImpact": 20,
        "ubDeadliness": 1,
        "ubMagSize": 50,
        "usRange": 300,
        "ubAttackVolume": 10,
        "ubHitVolume": 5,
        "Sound": "sounds/adult spit.wav",
        "bNotBuyable": true,
        "bNotEditor": true,
        "bDefaultUndroppable": true
    },
    {
        "itemIndex": 49,
        "internalName": "BRASS_KNUCKLES",
        "internalType": "PUNCHWEAPON",
        "ubGraphicType": 1,
        "ubGraphicNum": 102,
        "ubWeight": 1,
        "ubPerPocket": 4,
        "usPrice": 20,
        "ubCoolness": 2,
        "bReliability": 0,
        "bRepairEase": 0,
        "rateOfFire": 0,
        "ubShotsPer4Turns": 15,
        "ubImpact": 12,
        "ubDeadliness": 1,
        "ubAttackVolume": 0,
        "Sound": "",
        "bDamageable": true,
        "bRepairable": true,
        "bWaterDamages": true,
        "bMetal": true,
        "bSinks": true,
        "bShowStatus": true
    },
    {
        "itemIndex": 50,
        "internalName": "UNDER_GLAUNCHER",
        "internalType": "LAUNCHER",
        "ubGraphicType": 0,
        "ubGraphicNum": 39,
        "ubWeight": 13,
        "ubPerPocket": 0,
        "usPrice": 500,
        "ubCoolness": 8,
        "bReliability": 0,
        "bRepairEase": 0,
        "rateOfFire": 1,
        "ubReadyTime": 3,
        "ubShotsPer4Turns": 7,
        "ubBulletSpeed": 30,
        "ubDeadliness": 80,
        "usRange": 450,
        "ubAttackVolume": 20,
        "ubHitVolume": 10,
        "Sound": "sounds/weapons/mortar fire 01.wav",
        "bDamageable": true,
        "bRepairable": true,
        "bWaterDamages": true,
        "bMetal": true,
        "bSinks": true,
        "bShowStatus": true
    },
    {
        "itemIndex": 51,
        "internalName": "ROCKET_LAUNCHER",
        "internalType": "LAW",
        "ubGraphicType": 0,
        "ubGraphicNum": 38,
        "ubWeight": 21,
        "ubPerPocket": 0,
        "usPrice": 500,
        "ubCoolness": 9,
        "bReliability": 0,
        "bRepairEase": -3,
        "rateOfFire": 1,
        "ubReadyTime": 0,
        "ubShotsPer4Turns": 5,
        "ubBulletSpeed": 30,
        "ubDeadliness": 80,
        "usRange": 500,
        "ubAttackVolume": 80,
        "ubHitVolume": 10,
        "Sound": "sounds/weapons/rocket launcher.wav",
        "bDamageable": true,
        "bRepairable": true,
        "bWaterDamages": true,
        "bMetal": true,
        "bSinks": true,
        "bShowStatus": true,
        "bTwoHanded": true
    },
    {
        "itemIndex": 52,
        "internalName": "BLOODCAT_CLAW_ATTACK",
        "internalType": "BLADE",
        "ubGraphicType": 0,
        "ubGraphicNum": 0,
        "ubWeight": 0,
        "ubPerPocket": 1,
        "usPrice": 0,
        "ubCoolness": 0,
        "bReliability": 0,
        "bRepairEase": 0,
        "rateOfFire": 0,
        "ubShotsPer4Turns": 14,
        "ubImpact": 12,
        "ubDeadliness": 1,
        "usRange": 10,
        "ubAttackVolume": 2,
        "Sound": "",
        "bNotBuyable": true,
        "bNotEditor": true,
        "bDefaultUndroppable": true
    },
    {
        "itemIndex": 53,
        "internalName": "BLOODCAT_BITE",
        "internalType": "BLADE",
        "ubGraphicType": 0,
        "ubGraphicNum": 0,
        "ubWeight": 0,
        "ubPerPocket": 1,
        "usPrice": 0,
        "ubCoolness": 0,
        "bReliability": 0,
        "bRepairEase": 0,
        "rateOfFire": 0,
        "ubShotsPer4Turns": 10,
        "ubImpact": 24,
        "ubDeadliness": 1,
        "usRange": 10,
        "ubAttackVolume": 2,
        "Sound": "",
        "bNotBuyable": true,
        "bNotEditor": true,
        "bDefaultUndroppable": true
    },
    {
        "itemIndex": 54,
        "internalName": "MACHETE",
        "internalType": "BLADE",
        "ubGraphicType": 0,
        "ubGraphicNum": 41,
        "ubWeight": 13,
        "ubPerPocket": 0,
        "usPrice": 200,
        "ubCoolness": 3,
        "bReliability": 0,
        "bRepairEase": 3,
        "rateOfFire": 0,
        "ubShotsPer4Turns": 9,
        "ubImpact": 24,
        "ubDeadliness": 6,
        "usRange": 40,
        "ubAttackVolume": 2,
        "Sound": "",
        "bDamageable": true,
        "bRepairable": true,
        "bWaterDamages": true,
        "bMetal": true,
        "bSinks": true,
        "bShowStatus": true
    },
    {
        "itemIndex": 55,
        "internalName": "ROCKET_RIFLE",
        "internalType": "RIFLE",
        "ubGraphicType": 0,
        "ubGraphicNum": 45,
        "ubWeight": 40,
        "ubPerPocket": 0,
        "usPrice": 5000,
        "ubCoolness": 0,
        "bReliability": 0,
        "bRepairEase": -5,
        "rateOfFire": 1,
        "calibre": "AMMOROCKET",
        "ubReadyTime": 2,
        "ubShotsPer4Turns": 10,
        "ubBulletSpeed": 20,
        "ubImpact": 38,
        "ubDeadliness": 62,
        "ubMagSize": 5,
        "usRange": 600,
        "ubAttackVolume": 80,
        "ubHitVolume": 10,
        "Sound": "sounds/weapons/small rocket launcher.wav",
        "bDamageable": true,
        "bRepairable": true,
        "bWaterDamages": true,
        "bMetal": true,
        "bSinks": true,
        "bShowStatus": true,
        "bTwoHanded": true,
        "bNotBuyable": true,
        "bElectronic": true
    },
    {
        "itemIndex": 56,
        "internalName": "AUTOMAG_III",
        "internalType": "PISTOL",
        "ubGraphicType": 0,
        "ubGraphicNum": 40,
        "ubWeight": 12,
        "ubPerPocket": 0,
        "usPrice": 1000,
        "ubCoolness": 0,
        "bReliability": 0,
        "bRepairEase": -2,
        "rateOfFire": 666,
        "calibre": "AMMO762N",
        "ubReadyTime": 1,
        "ubShotsPer4Turns": 9,
        "ubBulletSpeed": 24,
        "ubImpact": 29,
        "ubDeadliness": 13,
        "ubMagSize": 5,
        "usRange": 220,
        "ubAttackVolume": 72,
        "ubHitVolume": 6,
        "Sound": "sounds/weapons/automag single.wav",
        "attachment_LaserScope": true,
        "attachment_SpringAndBoltUpgrade": true,
        "attachment_GunBarrelExtender": true,
        "bDamageable": true,
        "bRepairable": true,
        "bWaterDamages": true,
        "bMetal": true,
        "bSinks": true,
        "bShowStatus": true,
        "bNotBuyable": true
    },
    {
        "itemIndex": 57,
        "internalName": "CREATURE_INFANT_SPIT",
        "internalType": "MONSTSPIT",
        "ubGraphicType": 0,
        "ubGraphicNum": 0,
        "ubWeight": 0,
        "ubPerPocket": 0,
        "usPrice": 0,
        "ubCoolness": 0,
        "bReliability": 0,
        "bRepairEase": 0,
        "rateOfFire": 0,
        "calibre": "AMMOMONST",
        "ubShotsPer4Turns": 13,
        "ubImpact": 12,
        "ubDeadliness": 1,
        "ubMagSize": 5,
        "usRange": 200,
        "ubAttackVolume": 10,
        "ubHitVolume": 5,
        "Sound": "sounds/adult spit.wav",
        "bNotBuyable": true,
        "bNotEditor": true,
        "bDefaultUndroppable": true
    },
    {
        "itemIndex": 58,
        "internalName": "CREATURE_YOUNG_MALE_SPIT",
        "internalType": "MONSTSPIT",
        "ubGraphicType": 0,
        "ubGraphicNum": 0,
        "ubWeight": 0,
        "ubPerPocket": 0,
        "usPrice": 0,
        "ubCoolness": 0,
        "bReliability": 0,
        "bRepairEase": 0,
        "rateOfFire": 0,
        "calibre": "AMMOMONST",
        "ubShotsPer4Turns": 10,
        "ubImpact": 16,
        "ubDeadliness": 1,
        "ubMagSize": 10,
        "usRange": 200,
        "ubAttackVolume": 10,
        "ubHitVolume": 5,
        "Sound": "sounds/adult spit.wav",
        "bNotBuyable": true,
        "bNotEditor": true,
        "bDefaultUndroppable": true
    },
    {
        "itemIndex": 59,
        "internalName": "CREATURE_OLD_MALE_SPIT",
        "internalType": "MONSTSPIT",
        "ubGraphicType": 0,
        "ubGraphicNum": 0,
        "ubWeight": 0,
        "ubPerPocket": 0,
        "usPrice": 0,
        "ubCoolness": 0,
        "bReliability": 0,
        "bRepairEase": 0,
        "rateOfFire": 0,
        "calibre": "AMMOMONST",
        "ubShotsPer4Turns": 10,
        "ubImpact": 20,
        "ubDeadliness": 1,
        "ubMagSize": 20,
        "usRange": 200,
        "ubAttackVolume": 10,
        "ubHitVolume": 5,
        "Sound": "sounds/adult spit.wav",
        "bNotBuyable": true,
        "bNotEditor": true,
        "bDefaultUndroppable": true
    },
    {
        "itemIndex": 60,
        "internalName": "TANK_CANNON",
        "internalType": "CANNON",
        "ubGraphicType": 0,
        "ubGraphicNum": 37,
        "ubWeight": 26,
        "ubPerPocket": 0,
        "usPrice": 0,
        "ubCoolness": 0,
        "bReliability": 0,
        "bRepairEase": 0,
        "rateOfFire": 1,
        "ubReadyTime": 0,
        "ubShotsPer4Turns": 8,
        "ubBulletSpeed": 30,
        "ubDeadliness": 80,
        "usRange": 800,
        "ubAttackVolume": 90,
        "ubHitVolume": 10,
        "Sound": "sounds/weapons/tank_cannon.wav",
        "bNotBuyable": true
    },
    {
        "itemIndex": 61,
        "internalName": "DART_GUN",
        "internalType": "PISTOL",
        "ubGraphicType": 0,
        "ubGraphicNum": 46,
        "ubWeight": 12,
        "ubPerPocket": 1,
        "usPrice": 500,
        "ubCoolness": 5,
        "bReliability": 0,
        "bRepairEase": 3,
        "rateOfFire": 1,
        "calibre": "AMMODART",
        "ubReadyTime": 1,
        "ubShotsPer4Turns": 13,
        "ubBulletSpeed": 25,
        "ubImpact": 2,
        "ubDeadliness": 10,
        "ubMagSize": 1,
        "usRange": 200,
        "ubAttackVolume": 0,
        "ubHitVolume": 0,
        "Sound": "",
        "bDamageable": true,
        "bRepairable": true,
        "bWaterDamages": true,
        "bMetal": true,
        "bSinks": true,
        "bShowStatus": true
    },
    {
        "itemIndex": 62,
        "internalName": "BLOODY_THROWING_KNIFE",
        "internalType": "THROWINGBLADE",
        "ubGraphicType": 1,
        "ubGraphicNum": 95,
        "ubWeight": 1,
        "ubPerPocket": 4,
        "usPrice": 50,
        "ubCoolness": 0,
        "bReliability": 0,
        "bRepairEase": 4,
        "rateOfFire": 0,
        "ubShotsPer4Turns": 12,
        "ubImpact": 15,
        "ubDeadliness": 3,
        "usRange": 150,
        "ubAttackVolume": 2,
        "Sound": "sounds/weapons/knife throw swoosh.wav",
        "bDamageable": true,
        "bRepairable": true,
        "bWaterDamages": true,
        "bMetal": true,
        "bSinks": true,
        "bShowStatus": true,
        "bNotBuyable": true
    },
    {
        "itemIndex": 63,
        "internalName": "FLAMETHROWER",
        "internalType": "SHOTGUN",
        "ubGraphicType": 0,
        "ubGraphicNum": 48,
        "ubWeight": 18,
        "ubPerPocket": 0,
        "usPrice": 0,
        "ubCoolness": 0,
        "bReliability": 0,
        "bRepairEase": 0,
        "rateOfFire": 0,
        "calibre": "AMMOFLAME",
        "ubReadyTime": 2,
        "ubShotsPer4Turns": 10,
        "ubShotsPerBurst": 0,
        "ubBurstPenalty": 0,
        "ubBulletSpeed": 24,
        "ubImpact": 60,
        "ubDeadliness": 53,
        "ubMagSize": 5,
        "usRange": 130,
        "ubAttackVolume": 40,
        "ubHitVolume": 8,
        "Sound": "sounds/weapons/shotgun single shot.wav",
        "BurstSound": "sounds/weapons/bursttype1.wav",
        "bDamageable": true,
        "bRepairable": true,
        "bWaterDamages": true,
        "bMetal": true,
        "bSinks": true,
        "bShowStatus": true,
        "bNotBuyable": true
    },
    {
        "itemIndex": 64,
        "internalName": "CROWBAR",
        "internalType": "PUNCHWEAPON",
        "ubGraphicType": 1,
        "ubGraphicNum": 85,
        "ubWeight": 30,
        "ubPerPocket": 0,
        "usPrice": 40,
        "ubCoolness": 1,
        "bReliability": 0,
        "bRepairEase": -4,
        "rateOfFire": 0,
        "ubShotsPer4Turns": 10,
        "ubImpact": 25,
        "ubDeadliness": 4,
        "ubAttackVolume": 0,
        "Sound": "",
        "bDamageable": true,
        "bMetal": true
    },
    {
        "itemIndex": 65,
        "internalName": "AUTO_ROCKET_RIFLE",
        "internalType": "ASRIFLE",
        "ubGraphicType": 0,
        "ubGraphicNum": 45,
        "ubWeight": 40,
        "ubPerPocket": 0,
        "usPrice": 10000,
        "ubCoolness": 0,
        "bReliability": 0,
        "bRepairEase": -5,
        "rateOfFire": 0,
        "calibre": "AMMOROCKET",
        "ubReadyTime": 2,
        "ubShotsPer4Turns": 12,
        "ubShotsPerBurst": 5,
        "ubBurstPenalty": 10,
        "ubBulletSpeed": 20,
        "ubImpact": 38,
        "ubDeadliness": 97,
        "ubMagSize": 5,
        "usRange": 600,
        "ubAttackVolume": 80,
        "ubHitVolume": 10,
        "Sound": "sounds/weapons/small rocket launcher.wav",
        "BurstSound": "sounds/weapons/bursttype1.wav",
        "bDamageable": true,
        "bRepairable": true,
        "bWaterDamages": true,
        "bMetal": true,
        "bSinks": true,
        "bShowStatus": true,
        "bTwoHanded": true,
        "bNotBuyable": true,
        "bElectronic": true
    },
    {
        "itemIndex": 66,
        "internalName": "unused",
        "internalType": "NOWEAPON",
        "ubGraphicType": 0,
        "ubGraphicNum": 0,
        "ubWeight": 0,
        "ubPerPocket": 0,
        "usPrice": 0,
        "ubCoolness": 0,
        "bReliability": 0,
        "bRepairEase": 0,
        "rateOfFire": 0,
        "usRange": 0,
        "bDamageable": true,
        "bRepairable": true,
        "bWaterDamages": true,
        "bMetal": true,
        "bSinks": true,
        "bShowStatus": true
    },
    {
        "itemIndex": 67,
        "internalName": "unused",
        "internalType": "NOWEAPON",
        "ubGraphicType": 0,
        "ubGraphicNum": 0,
        "ubWeight": 0,
        "ubPerPocket": 0,
        "usPrice": 0,
        "ubCoolness": 0,
        "bReliability": 0,
        "bRepairEase": 0,
        "rateOfFire": 0,
        "usRange": 0,
        "bDamageable": true,
        "bRepairable": true,
        "bWaterDamages": true,
        "bMetal": true,
        "bSinks": true,
        "bShowStatus": true
    },
    {
        "itemIndex": 68,
        "internalName": "unused",
        "internalType": "NOWEAPON",
        "ubGraphicType": 0,
        "ubGraphicNum": 0,
        "ubWeight": 0,
        "ubPerPocket": 0,
        "usPrice": 0,
        "ubCoolness": 0,
        "bReliability": 0,
        "bRepairEase": 0,
        "rateOfFire": 0,
        "usRange": 0,
        "bDamageable": true,
        "bRepairable": true,
        "bWaterDamages": true,
        "bMetal": true,
        "bSinks": true,
        "bShowStatus": true
    },
    {
        "itemIndex": 69,
        "internalName": "unused",
        "internalType": "NOWEAPON",
        "ubGraphicType": 0,
        "ubGraphicNum": 0,
        "ubWeight": 0,
        "ubPerPocket": 0,
        "usPrice": 0,
        "ubCoolness": 0,
        "bReliability": 0,
        "bRepairEase": 0,
        "rateOfFire": 0,
        "usRange": 0,
        "bDamageable": true,
        "bRepairable": true,
        "bWaterDamages": true,
        "bMetal": true,
        "bSinks": true,
        "bShowStatus": true
    },
    {
        "itemIndex": 70,
        "internalName": "unused",
        "internalType": "NOWEAPON",
        "ubGraphicType": 0,
        "ubGraphicNum": 0,
        "ubWeight": 0,
        "ubPerPocket": 0,
        "usPrice": 0,
        "ubCoolness": 0,
        "bReliability": 0,
        "bRepairEase": 0,
        "rateOfFire": 15,
        "usRange": 0,
        "bDamageable": true,
        "bRepairable": true,
        "bWaterDamages": true,
        "bMetal": true,
        "bSinks": true,
        "bShowStatus": true
    }
]
