{
	// Indicate which dwelling produces which creature
	// Note that it is 1<->n connection since
	// a creature can be produced by more than one dwelling.
	"dwellings": [
		{ "dwelling": 0, "creature": 106 },
		{ "dwelling": 1, "creature": 96 },
		{ "dwelling": 2, "creature": 74 },
		{ "dwelling": 3, "creature": 66 },
		{ "dwelling": 4, "creature": 68 },
		{ "dwelling": 5, "creature": 10 },
		{ "dwelling": 6, "creature": 14 },
		{ "dwelling": 7, "creature": 112 },
		{ "dwelling": 8, "creature": 12 },
		{ "dwelling": 9, "creature": 94 },
		{ "dwelling": 10, "creature": 54 },
		{ "dwelling": 11, "creature": 104 },
		{ "dwelling": 12, "creature": 16 },
		{ "dwelling": 13, "creature": 113 },
		{ "dwelling": 14, "creature": 52 },
		{ "dwelling": 15, "creature": 18 },
		{ "dwelling": 16, "creature": 114 },
		{ "dwelling": 17, "creature": 30 },
		{ "dwelling": 18, "creature": 36 },
		{ "dwelling": 19, "creature": 86 },
		{ "dwelling": 20, "creature": 98 },
		{ "dwelling": 21, "creature": 84 },
		{ "dwelling": 22, "creature": 44 },
		{ "dwelling": 23, "creature": 102 },
		{ "dwelling": 24, "creature": 26 },
		{ "dwelling": 25, "creature": 4 },
		{ "dwelling": 26, "creature": 72 },
		{ "dwelling": 27, "creature": 46 },
		{ "dwelling": 28, "creature": 110 },
		{ "dwelling": 29, "creature": 42 },
		{ "dwelling": 30, "creature": 100 },
		{ "dwelling": 31, "creature": 34 },
		{ "dwelling": 32, "creature": 80 },
		{ "dwelling": 33, "creature": 76 },
		{ "dwelling": 34, "creature": 78 },
		{ "dwelling": 35, "creature": 8 },
		{ "dwelling": 36, "creature": 38 },
		{ "dwelling": 37, "creature": 48 },
		{ "dwelling": 38, "creature": 90 },
		{ "dwelling": 39, "creature": 88 },
		{ "dwelling": 40, "creature": 50 },
		{ "dwelling": 41, "creature": 82 },
		{ "dwelling": 42, "creature": 92 },
		{ "dwelling": 43, "creature": 28 },
		{ "dwelling": 44, "creature": 40 },
		{ "dwelling": 45, "creature": 22 },
		{ "dwelling": 46, "creature": 70 },
		{ "dwelling": 47, "creature": 115 },
		{ "dwelling": 48, "creature": 60 },
		{ "dwelling": 49, "creature": 108 },
		{ "dwelling": 50, "creature": 20 },
		{ "dwelling": 51, "creature": 24 },
		{ "dwelling": 52, "creature": 64 },
		{ "dwelling": 53, "creature": 62 },
		{ "dwelling": 54, "creature": 56 },
		{ "dwelling": 55, "creature": 58 },
		{ "dwelling": 56, "creature": 0 },
		{ "dwelling": 57, "creature": 2 },
		{ "dwelling": 58, "creature": 6 },
		{ "dwelling": 59, "creature": 118 },
		{ "dwelling": 60, "creature": 120 },
		{ "dwelling": 61, "creature": 130 },
		{ "dwelling": 62, "creature": 132 },
		{ "dwelling": 63, "creature": 133 },
		{ "dwelling": 64, "creature": 134 },
		{ "dwelling": 65, "creature": 135 },
		{ "dwelling": 66, "creature": 136 },
		{ "dwelling": 67, "creature": 137 },
		{ "dwelling": 68, "creature": 24 },
		{ "dwelling": 69, "creature": 112 },
		{ "dwelling": 70, "creature": 113 },
		{ "dwelling": 71, "creature": 114 },
		{ "dwelling": 72, "creature": 115 },
		{ "dwelling": 73, "creature": 138 },
		{ "dwelling": 74, "creature": 139 },
		{ "dwelling": 75, "creature": 140 },
		{ "dwelling": 76, "creature": 141 },
		{ "dwelling": 77, "creature": 142 },
		{ "dwelling": 78, "creature": 143 },
		{ "dwelling": 79, "creature": 144 },
		{ "dwelling": 80, "creature": 150 },
		{ "dwelling": 81, "creature": 151 },
		{ "dwelling": 82, "creature": 152 },
		{ "dwelling": 83, "creature": 153 },
		{ "dwelling": 84, "creature": 154 },
		{ "dwelling": 85, "creature": 155 },
		{ "dwelling": 86, "creature": 156 },
		{ "dwelling": 87, "creature": 157 },
		{ "dwelling": 88, "creature": 158 },
		{ "dwelling": 89, "creature": 171 },
		{ "dwelling": 90, "creature": 170 },
		{ "dwelling": 91, "creature": 168 },
		{ "dwelling": 92, "creature": 172 },
		{ "dwelling": 93, "creature": 164 },
		{ "dwelling": 94, "creature": 169 },
		{ "dwelling": 95, "creature": 173 },
		{ "dwelling": 96, "creature": 192 },
		{ "dwelling": 97, "creature": 193 },
		{ "dwelling": 98, "creature": 194 },
		{ "dwelling": 99, "creature": 195 },
		{ "dwelling": 100, "creature": 196 }
	]
}
