{
	// battle animations for heroes, ordered by faction
	"heroBattleAnim" :
	[
		{ "male" : "CH00.DEF",  "female" : "CH01.DEF" },
		{ "male" : "CH02.DEF",  "female" : "CH03.DEF" },
		{ "male" : "CH05.DEF",  "female" : "CH04.DEF" },
		{ "male" : "CH06.DEF",  "female" : "CH07.DEF" },
		{ "male" : "CH08.DEF",  "female" : "CH09.DEF" },
		{ "male" : "CH010.DEF", "female" : "CH11.DEF" },
		{ "male" : "CH013.DEF", "female" : "CH012.DEF" },
		{ "male" : "CH014.DEF", "female" : "CH015.DEF" },
		{ "male" : "CH16.DEF",  "female" : "CH17.DEF" }
	],

	// map animations for heroes, ordered by hero class
	"heroMapAnim" :
	[
		"AH00_.def",
		"AH01_.def",
		"AH02_.def",
		"AH03_.def",
		"AH04_.def",
		"AH05_.def",
		"AH06_.def",
		"AH07_.def",
		"AH08_.def",
		"AH09_.def",
		"AH10_.def",
		"AH11_.def",
		"AH12_.def",
		"AH13_.def",
		"AH14_.def",
		"AH15_.def",
		"AH16_.def",
		"AH17_.def"
	]
}
