{
	// heroes' information.
	//	 id: hero id
	//	 female: true if hero is female, else false
	//	 skills: initial set of secondary abilities (skill ID, initial skill level)
	//	 spell: hero starts with that initial spell
	"heroes":
	[
		{
			"id": 0,
			"class" : "knight",
			"female": false,
			"skills":
			[
				{ "skill" : "leadership", "level": "basic" },
				{ "skill" : "archery", "level": "basic" }
			],
			"specialties":
			[
				{ "type":2, "val": 5, "subtype": 1, "info": 0 }
			]
		},
		{
			"id": 1,
			"class" : "knight",
			"female": true,
			"skills":
			[
				{ "skill" : "leadership", "level": "basic" },
				{ "skill" : "archery", "level": "basic" }
			],
			"specialties":
			[
				{ "type":1, "val": 0, "subtype": 0, "info": 2 }
			]
		},
		{
			"id": 2,
			"class" : "knight",
			"female": false,
			"skills":
			[
				{ "skill" : "leadership", "level": "basic" },
				{ "skill" : "armorer", "level": "basic" }
			],
			"specialties":
			[
				{ "type":1, "val": 0, "subtype": 0, "info": 4 }
			]
		},
		{
			"id": 3,
			"class" : "knight",
			"female": true,
			"skills":
			[
				{ "skill" : "leadership", "level": "basic" },
				{ "skill" : "navigation", "level": "basic" }
			],
			"specialties":
			[
				{ "type":2, "val": 2, "subtype": 5, "info": 1 }
			]
		},
		{
			"id": 4,
			"class" : "knight",
			"female": false,
			"special" : true,
			"skills":
			[
				{ "skill" : "leadership", "level": "basic" },
				{ "skill" : "estates", "level": "basic" }
			],
			"specialties":
			[
				{ "type":2, "val": 5, "subtype": 13, "info": 0 }
			]
		},
		{
			"id": 5,
			"class" : "knight",
			"female": true,
			"skills":
			[
				{ "skill" : "leadership", "level": "basic" },
				{ "skill" : "offence", "level": "basic" }
			],
			"specialties":
			[
				{ "type":1, "val": 0, "subtype": 0, "info": 6 }
			]
		},
		{
			"id": 6,
			"class" : "knight",
			"female": false,
			"skills":
			[
				{ "skill" : "leadership", "level": "basic" },
				{ "skill" : "artillery", "level": "basic" }
			],
			"specialties":
			[
				{ "type":1, "val": 0, "subtype": 0, "info": 146 }
			]
		},
		{
			"id": 7,
			"class" : "knight",
			"female": true,
			"skills":
			[
				{ "skill" : "leadership", "level": "basic" },
				{ "skill" : "tactics", "level": "basic" }
			],
			"specialties":
			[
				{ "type":1, "val": 0, "subtype": 0, "info": 10 }
			]
		},
		{
			"id": 8,
			"class" : "cleric",
			"female": false,
			"spellbook": [ 46 ],
			"skills":
			[
				{ "skill" : "wisdom", "level": "basic" },
				{ "skill" : "firstAid", "level": "basic" }
			],
			"specialties":
			[
				{ "type":2, "val": 5, "subtype": 27, "info": 0 }
			]
		},
		{
			"id": 9,
			"class" : "cleric",
			"female": true,
			"spellbook": [ 41 ],
			"skills":
			[
				{ "skill" : "wisdom", "level": "basic" },
				{ "skill" : "diplomacy", "level": "basic" }
			],
			"specialties":
			[
				{ "type":6, "val": 3, "subtype": 41, "info": 0 }
			]
		},
		{
			"id": 10,
			"class" : "cleric",
			"female": false,
			"spellbook": [ 45 ],
			"skills":
			[
				{ "skill" : "wisdom", "level": "basic" },
				{ "skill" : "estates", "level": "basic" }
			],
			"specialties":
			[
				{ "type":8, "val": 0, "subtype": 45, "info": 0 }
			]
		},
		{
			"id": 11,
			"class" : "cleric",
			"female": true,
			"spellbook": [ 20 ],
			"skills":
			[
				{ "skill" : "wisdom", "level": "advanced" }
			],
			"specialties":
			[
				{ "type":3, "val": 3, "subtype": 20, "info": 0 }
			]
		},
		{
			"id": 12,
			"class" : "cleric",
			"female": false,
			"spellbook": [ 42 ],
			"skills":
			[
				{ "skill" : "wisdom", "level": "basic" },
				{ "skill" : "mysticism", "level": "basic" }
			],
			"specialties":
			[
				{ "type":1, "val": 0, "subtype": 0, "info": 8 }
			]
		},
		{
			"id": 13,
			"class" : "cleric",
			"female": true,
			"spellbook": [ 35 ],
			"skills":
			[
				{ "skill" : "wisdom", "level": "basic" },
				{ "skill" : "eagleEye", "level": "basic" }
			],
			"specialties":
			[
				{ "type":2, "val": 5, "subtype": 11, "info": 0 }
			]
		},
		{
			"id": 14,
			"class" : "cleric",
			"spellbook": [ 48 ],
			"female": false,
			"skills":
			[
				{ "skill" : "wisdom", "level": "basic" },
				{ "skill" : "learning", "level": "basic" }
			],
			"specialties":
			[
				{ "type":8, "val": 0, "subtype": 48, "info": 0 }
			]
		},
		{
			"id": 15,
			"class" : "cleric",
			"female": true,
			"spellbook": [ 37 ],
			"skills":
			[
				{ "skill" : "wisdom", "level": "basic" },
				{ "skill" : "intelligence", "level": "basic" }
			],
			"specialties":
			[
				{ "type":10, "val": 350, "subtype": 6, "info": 0 }
			]
		},
		{
			"id": 16,
			"class" : "ranger",
			"female": true,
			"skills":
			[
				{ "skill" : "leadership", "level": "basic" },
				{ "skill" : "armorer", "level": "basic" }
			],
			"specialties":
			[
				{ "type":2, "val": 5, "subtype": 23, "info": 0 }
			]
		},
		{
			"id": 17,
			"class" : "ranger",
			"female": false,
			"skills":
			[
				{ "skill" : "luck", "level": "basic" },
				{ "skill" : "resistance", "level": "basic" }
			],
			"specialties":
			[
				{ "type":1, "val": 0, "subtype": 0, "info": 16 }
			]
		},
		{
			"id": 18,
			"class" : "ranger",
			"female": true,
			"skills":
			[
				{ "skill" : "archery", "level": "advanced" }
			],
			"specialties":
			[
				{ "type":10, "val": 350, "subtype": 6, "info": 0 }
			]
		},
		{
			"id": 19,
			"class" : "ranger",
			"female": false,
			"skills":
			[
				{ "skill" : "diplomacy", "level": "basic" },
				{ "skill" : "leadership", "level": "basic" }
			],
			"specialties":
			[
				{ "type":1, "val": 0, "subtype": 0, "info": 22 }
			]
		},
		{
			"id": 20,
			"class" : "ranger",
			"female": false,
			"skills":
			[
				{ "skill" : "resistance", "level": "advanced" }
			],
			"specialties":
			[
				{ "type":2, "val": 5, "subtype": 26, "info": 0 }
			]
		},
		{
			"id": 21,
			"class" : "ranger",
			"female": false,
			"skills":
			[
				{ "skill" : "archery", "level": "basic" },
				{ "skill" : "offence", "level": "basic" }
			],
			"specialties":
			[
				{ "type":1, "val": 0, "subtype": 0, "info": 18 }
			]
		},
		{
			"id": 22,
			"class" : "ranger",
			"female": false,
			"skills":
			[
				{ "skill" : "pathfinding", "level": "basic" },
				{ "skill" : "resistance", "level": "basic" }
			],
			"specialties":
			[
				{ "type":1, "val": 0, "subtype": 0, "info": 24 }
			]
		},
		{
			"id": 23,
			"class" : "ranger",
			"female": true,
			"skills":
			[
				{ "skill" : "archery", "level": "basic" },
				{ "skill" : "logistics", "level": "basic" }
			],
			"specialties":
			[
				{ "type":2, "val": 5, "subtype": 2, "info": 0 }
			]
		},
		{
			"id": 24,
			"class" : "druid",
			"spellbook": [ 55 ],
			"female": false,
			"skills":
			[
				{ "skill" : "wisdom", "level": "basic" },
				{ "skill" : "scholar", "level": "basic" }
			],
			"specialties":
			[
				{ "type":8, "val": 0, "subtype": 55, "info": 1 }
			]
		},
		{
			"id": 25,
			"class" : "druid",
			"female": false,
			"spellbook": [ 37 ],
			"skills":
			[
				{ "skill" : "wisdom", "level": "advanced" },
				{ "skill" : "ballistics", "level": "basic" }
			],
			"specialties":
			[
				{ "type":3, "val": 3, "subtype": 37, "info": 0 }
			]
		},
		{
			"id": 26,
			"class" : "druid",
			"female": false,
			"spellbook": [ 42 ],
			"skills":
			[
				{ "skill" : "wisdom", "level": "basic" },
				{ "skill" : "intelligence", "level": "basic" }
			],
			"specialties":
			[
				{ "type":2, "val": 5, "subtype": 24, "info": 0 }
			]
		},
		{
			"id": 27,
			"class" : "druid",
			"female": true,
			"spellbook": [ 0 ],
			"skills":
			[
				{ "skill" : "wisdom", "level": "basic" },
				{ "skill" : "firstAid", "level": "basic" }
			],
			"specialties":
			[
				{ "type":2, "val": 5, "subtype": 27, "info": 0 }
			]
		},
		{
			"id": 28,
			"class" : "druid",
			"female": false,
			"spellbook": [ 15 ],
			"skills":
			[
				{ "skill" : "wisdom", "level": "basic" },
				{ "skill" : "eagleEye", "level": "basic" }
			],
			"specialties":
			[
				{ "type":2, "val": 5, "subtype": 11, "info": 0 }
			]
		},
		{
			"id": 29,
			"class" : "druid",
			"spellbook": [ 51 ],
			"female": true,
			"skills":
			[
				{ "skill" : "wisdom", "level": "basic" },
				{ "skill" : "luck", "level": "basic" }
			],
			"specialties":
			[
				{ "type":7, "val": 0, "subtype": 51, "info": 0 }
			]
		},
		{
			"id": 30,
			"class" : "druid",
			"female": false,
			"spellbook": [ 16 ],
			"skills":
			[
				{ "skill" : "wisdom", "level": "basic" },
				{ "skill" : "sorcery", "level": "basic" }
			],
			"specialties":
			[
				{ "type":3, "val": 3, "subtype": 16, "info": 0 }
			]
		},
		{
			"id": 31,
			"class" : "druid",
			"female": false,
			"spellbook": [ 30 ],
			"skills":
			[
				{ "skill" : "wisdom", "level": "basic" },
				{ "skill" : "scouting", "level": "basic" }
			],
			"specialties":
			[
				{ "type":1, "val": 0, "subtype": 0, "info": 20 }
			]
		},
		{
			"id": 32,
			"class" : "alchemist",
			"female": false,
			"spellbook": [ 27 ],
			"skills":
			[
				{ "skill" : "scouting", "level": "basic" },
				{ "skill" : "mysticism", "level": "basic" }
			],
			"specialties":
			[
				{ "type":1, "val": 0, "subtype": 0, "info": 30 }
			]
		},
		{
			"id": 33,
			"class" : "alchemist",
			"female": false,
			"spellbook": [ 15 ],
			"skills":
			[
				{ "skill" : "scholar", "level": "advanced" }
			],
			"specialties":
			[
				{ "type":1, "val": 0, "subtype": 0, "info": 36 }
			]
		},
		{
			"id": 34,
			"class" : "alchemist",
			"spellbook": [ 53 ],
			"female": true,
			"skills":
			[
				{ "skill" : "mysticism", "level": "basic" },
				{ "skill" : "sorcery", "level": "basic" }
			],
			"specialties":
			[
				{ "type":1, "val": 0, "subtype": 0, "info": 32 }
			]
		},
		{
			"id": 35,
			"class" : "alchemist",
			"female": true,
			"spellbook": [ 27 ],
			"skills":
			[
				{ "skill" : "scholar", "level": "basic" },
				{ "skill" : "armorer", "level": "basic" }
			],
			"specialties":
			[
				{ "type":2, "val": 5, "subtype": 23, "info": 0 }
			]
		},
		{
			"id": 36,
			"class" : "alchemist",
			"female": false,
			"spellbook": [ 15 ],
			"skills":
			[
				{ "skill" : "mysticism", "level": "basic" },
				{ "skill" : "tactics", "level": "basic" }
			],
			"specialties":
			[
				{ "type":1, "val": 0, "subtype": 0, "info": 146 }
			]
		},
		{
			"id": 37,
			"class" : "alchemist",
			"female": false,
			"spellbook": [ 53 ],
			"skills":
			[
				{ "skill" : "scholar", "level": "basic" },
				{ "skill" : "resistance", "level": "basic" }
			],
			"specialties":
			[
				{ "type":1, "val": 0, "subtype": 0, "info": 38 }
			]
		},
		{
			"id": 38,
			"class" : "alchemist",
			"female": true,
			"spellbook": [ 15 ],
			"skills":
			[
				{ "skill" : "mysticism", "level": "basic" },
				{ "skill" : "offence", "level": "basic" }
			],
			"specialties":
			[
				{ "type":10, "val": 1, "subtype": 1, "info": 0 }
			]
		},
		{
			"id": 39,
			"class" : "alchemist",
			"spellbook": [ 15 ],
			"female": true,
			"skills":
			[
				{ "skill" : "scholar", "level": "basic" },
				{ "skill" : "intelligence", "level": "basic" }
			],
			"specialties":
			[
				{ "type":1, "val": 0, "subtype": 0, "info": 36 }
			]
		},
		{
			"id": 40,
			"class" : "wizard",
			"female": false,
			"spellbook": [ 60 ],
			"skills":
			[
				{ "skill" : "wisdom", "level": "advanced" }
			],
			"specialties":
			[
				{ "type":3, "val": 3, "subtype": 60, "info": 0 }
			]
		},
		{
			"id": 41,
			"class" : "wizard",
			"female": false,
			"spellbook": [ 46 ],
			"skills":
			[
				{ "skill" : "wisdom", "level": "basic" },
				{ "skill" : "mysticism", "level": "basic" }
			],
			"specialties":
			[
				{ "type":2, "val": 5, "subtype": 8, "info": 1 }
			]
		},
		{
			"id": 42,
			"class" : "wizard",
			"female": true,
			"spellbook": [ 35 ],
			"skills":
			[
				{ "skill" : "wisdom", "level": "basic" },
				{ "skill" : "eagleEye", "level": "basic" }
			],
			"specialties":
			[
				{ "type":2, "val": 5, "subtype": 11, "info": 0 }
			]
		},
		{
			"id": 43,
			"class" : "wizard",
			"female": true,
			"spellbook": [ 51 ],
			"skills":
			[
				{ "skill" : "wisdom", "level": "basic" },
				{ "skill" : "intelligence", "level": "basic" }
			],
			"specialties":
			[
				{ "type":7, "val": 0, "subtype": 51, "info": 0 }
			]
		},
		{
			"id": 44,
			"class" : "wizard",
			"spellbook": [ 27 ],
			"female": false,
			"skills":
			[
				{ "skill" : "wisdom", "level": "basic" },
				{ "skill" : "ballistics", "level": "basic" }
			],
			"specialties":
			[
				{ "type":1, "val": 0, "subtype": 0, "info": 34 }
			]
		},
		{
			"id": 45,
			"class" : "wizard",
			"female": false,
			"spellbook": [ 19 ],
			"skills":
			[
				{ "skill" : "wisdom", "level": "basic" },
				{ "skill" : "sorcery", "level": "basic" }
			],
			"specialties":
			[
				{ "type":3, "val": 3, "subtype": 19, "info": 0 }
			]
		},
		{
			"id": 46,
			"class" : "wizard",
			"female": true,
			"spellbook": [ 53 ],
			"skills":
			[
				{ "skill" : "wisdom", "level": "basic" },
				{ "skill" : "diplomacy", "level": "basic" }
			],
			"specialties":
			[
				{ "type":8, "val": 0, "subtype": 53, "info": 0 }
			]
		},
		{
			"id": 47,
			"class" : "wizard",
			"female": true,
			"spellbook": [ 42 ],
			"skills":
			[
				{ "skill" : "wisdom", "level": "basic" },
				{ "skill" : "scholar", "level": "basic" }
			],
			"specialties":
			[
				{ "type":10, "val": 350, "subtype": 6, "info": 0 }
			]
		},
		{
			"id": 48,
			"class" : "demoniac",
			"female": true,
			"skills":
			[
				{ "skill" : "scouting", "level": "advanced" }
			],
			"specialties":
			[
				{ "type":1, "val": 0, "subtype": 0, "info": 46 }
			]
		},
		{
			"id": 49,
			"class" : "demoniac",
			"female": false,
			"skills":
			[
				{ "skill" : "wisdom", "level": "basic" },
				{ "skill" : "scholar", "level": "basic" }
			],
			"specialties":
			[
				{ "type":1, "val": 0, "subtype": 0, "info": 52 }
			]
		},
		{
			"id": 50,
			"class" : "demoniac",
			"female": true,
			"skills":
			[
				{ "skill" : "armorer", "level": "advanced" }
			],
			"specialties":
			[
				{ "type":1, "val": 0, "subtype": 0, "info": 48 }
			]
		},
		{
			"id": 51,
			"class" : "demoniac",
			"female": false,
			"skills":
			[
				{ "skill" : "tactics", "level": "basic" },
				{ "skill" : "resistance", "level": "basic" }
			],
			"specialties":
			[
				{ "type":1, "val": 0, "subtype": 0, "info": 42 }
			]
		},
		{
			"id": 52,
			"class" : "demoniac",
			"female": true,
			"skills":
			[
				{ "skill" : "scholar", "level": "basic" },
				{ "skill" : "offence", "level": "basic" }
			],
			"specialties":
			[
				{ "type":10, "val": 350, "subtype": 6, "info": 0 }
			]
		},
		{
			"id": 53,
			"class" : "demoniac",
			"female": false,
			"skills":
			[
				{ "skill" : "archery", "level": "basic" },
				{ "skill" : "scouting", "level": "basic" }
			],
			"specialties":
			[
				{ "type":1, "val": 0, "subtype": 0, "info": 42 }
			]
		},
		{
			"id": 54,
			"class" : "demoniac",
			"female": true,
			"skills":
			[
				{ "skill" : "artillery", "level": "basic" },
				{ "skill" : "logistics", "level": "basic" }
			],
			"specialties":
			[
				{ "type":1, "val": 0, "subtype": 0, "info": 146 }
			]
		},
		{
			"id": 55,
			"class" : "demoniac",
			"female": true,
			"skills":
			[
				{ "skill" : "offence", "level": "advanced" }
			],
			"specialties":
			[
				{ "type":1, "val": 0, "subtype": 0, "info": 50 }
			]
		},
		{
			"id": 56,
			"class" : "heretic",
			"spellbook": [ 3 ],
			"female": false,
			"skills":
			[
				{ "skill" : "wisdom", "level": "basic" },
				{ "skill" : "intelligence", "level": "basic" }
			],
			"specialties":
			[
				{ "type":2, "val": 5, "subtype": 24, "info": 0 }
			]
		},
		{
			"id": 57,
			"class" : "heretic",
			"female": false,
			"spellbook": [ 22 ],
			"skills":
			[
				{ "skill" : "wisdom", "level": "basic" },
				{ "skill" : "scholar", "level": "basic" }
			],
			"specialties":
			[
				{ "type":3, "val": 3, "subtype": 22, "info": 0 }
			]
		},
		{
			"id": 58,
			"class" : "heretic",
			"female": false,
			"spellbook": [ 30 ],
			"skills":
			[
				{ "skill" : "wisdom", "level": "basic" },
				{ "skill" : "mysticism", "level": "basic" }
			],
			"specialties":
			[
				{ "type":2, "val": 5, "subtype": 8, "info": 1 }
			]
		},
		{
			"id": 59,
			"class" : "heretic",
			"female": true,
			"spellbook": [ 45 ],
			"skills":
			[
				{ "skill" : "wisdom", "level": "basic" },
				{ "skill" : "ballistics", "level": "basic" }
			],
			"specialties":
			[
				{ "type":8, "val": 0, "subtype": 45, "info": 0 }
			]
		},
		{
			"id": 60,
			"class" : "heretic",
			"female": false,
			"spellbook": [ 53 ],
			"skills":
			[
				{ "skill" : "wisdom", "level": "basic" },
				{ "skill" : "learning", "level": "basic" }
			],
			"specialties":
			[
				{ "type":10, "val": 1, "subtype": 3, "info": 0 }
			]
		},
		{
			"id": 61,
			"class" : "heretic",
			"female": true,
			"spellbook": [ 43 ],
			"skills":
			[
				{ "skill" : "wisdom", "level": "basic" },
				{ "skill" : "eagleEye", "level": "basic" }
			],
			"specialties":
			[
				{ "type":8, "val": 0, "subtype": 43, "info": 0 }
			]
		},
		{
			"id": 62,
			"class" : "heretic",
			"female": false,
			"spellbook": [ 46 ],
			"skills":
			[
				{ "skill" : "wisdom", "level": "basic" },
				{ "skill" : "sorcery", "level": "basic" }
			],
			"specialties":
			[
				{ "type":2, "val": 5, "subtype": 25, "info": 0 }
			]
		},
		{
			"id": 63,
			"class" : "heretic",
			"female": false,
			"spellbook": [ 21 ],
			"skills":
			[
				{ "skill" : "wisdom", "level": "basic" },
				{ "skill" : "leadership", "level": "basic" }
			],
			"specialties":
			[
				{ "type":3, "val": 3, "subtype": 21, "info": 0 }
			]
		},
		{
			"id": 64,
			"class" : "deathknight",
			"female": false,
			"spellbook": [ 53 ],
			"skills":
			[
				{ "skill" : "necromancy", "level": "basic" },
				{ "skill" : "resistance", "level": "basic" }
			],
			"specialties":
			[
				{ "type":1, "val": 0, "subtype": 0, "info": 58 }
			]
		},
		{
			"id": 65,
			"class" : "deathknight",
			"female": false,
			"spellbook": [ 46 ],
			"skills":
			[
				{ "skill" : "necromancy", "level": "basic" },
				{ "skill" : "artillery", "level": "basic" }
			],
			"specialties":
			[
				{ "type":1, "val": 0, "subtype": 0, "info": 62 }
			]
		},
		{
			"id": 66,
			"class" : "deathknight",
			"female": false,
			"spellbook": [ 54 ],
			"skills":
			[
				{ "skill" : "necromancy", "level": "basic" },
				{ "skill" : "learning", "level": "basic" }
			],
			"specialties":
			[
				{ "type":1, "val": 0, "subtype": 0, "info": 64 }
			]
		},
		{
			"id": 67,
			"class" : "deathknight",
			"female": true,
			"spellbook": [ 15 ],
			"skills":
			[
				{ "skill" : "necromancy", "level": "basic" },
				{ "skill" : "tactics", "level": "basic" }
			],
			"specialties":
			[
				{ "type":1, "val": 0, "subtype": 0, "info": 60 }
			]
		},
		{
			"id": 68,
			"class" : "deathknight",
			"female": true,
			"spellbook": [ 15 ],
			"skills":
			[
				{ "skill" : "necromancy", "level": "basic" },
				{ "skill" : "offence", "level": "basic" }
			],
			"specialties":
			[
				{ "type":1, "val": 0, "subtype": 0, "info": 66 }
			]
		},
		{
			"id": 69,
			"class" : "deathknight",
			"female": true,
			"spellbook": [ 15 ],
			"skills":
			[
				{ "skill" : "necromancy", "level": "advanced" }
			],
			"specialties":
			[
				{ "type":2, "val": 5, "subtype": 12, "info": 0 }
			]
		},
		{
			"id": 70,
			"class" : "deathknight",
			"female": false,
			"spellbook": [ 15 ],
			"skills":
			[
				{ "skill" : "necromancy", "level": "basic" },
				{ "skill" : "offence", "level": "basic" }
			],
			"specialties":
			[
				{ "type":10, "val": 350, "subtype": 6, "info": 0 }
			]
		},
		{
			"id": 71,
			"class" : "deathknight",
			"female": false,
			"spellbook": [ 27 ],
			"skills":
			[
				{ "skill" : "necromancy", "level": "basic" },
				{ "skill" : "armorer", "level": "basic" }
			],
			"specialties":
			[
				{ "type":1, "val": 0, "subtype": 0, "info": 56 }
			]
		},
		{
			"id": 72,
			"class" : "necromancer",
			"female": true,
			"spellbook": [ 24 ],
			"skills":
			[
				{ "skill" : "necromancy", "level": "basic" },
				{ "skill" : "scholar", "level": "basic" }
			],
			"specialties":
			[
				{ "type":3, "val": 3, "subtype": 24, "info": 0 }
			]
		},
		{
			"id": 73,
			"class" : "necromancer",
			"female": true,
			"spellbook": [ 23 ],
			"skills":
			[
				{ "skill" : "necromancy", "level": "basic" },
				{ "skill" : "wisdom", "level": "basic" }
			],
			"specialties":
			[
				{ "type":3, "val": 3, "subtype": 23, "info": 0 }
			]
		},
		{
			"id": 74,
			"class" : "necromancer",
			"female": false,
			"spellbook": [ 54 ],
			"skills":
			[
				{ "skill" : "necromancy", "level": "basic" },
				{ "skill" : "sorcery", "level": "basic" }
			],
			"specialties":
			[
				{ "type":2, "val": 5, "subtype": 25, "info": 0 }
			]
		},
		{
			"id": 75,
			"class" : "necromancer",
			"female": false,
			"spellbook": [ 27 ],
			"skills":
			[
				{ "skill" : "necromancy", "level": "basic" },
				{ "skill" : "eagleEye", "level": "basic" }
			],
			"specialties":
			[
				{ "type":2, "val": 5, "subtype": 11, "info": 1 }
			]
		},
		{
			"id": 76,
			"class" : "necromancer",
			"female": false,
			"spellbook": [ 39 ],
			"skills":
			[
				{ "skill" : "necromancy", "level": "basic" },
				{ "skill" : "mysticism", "level": "basic" }
			],
			"specialties":
			[
				{ "type":3, "val": 39, "subtype": 0, "info": 3 }
			]
		},
		{
			"id": 77,
			"class" : "necromancer",
			"female": true,
			"spellbook": [ 46 ],
			"skills":
			[
				{ "skill" : "necromancy", "level": "basic" },
				{ "skill" : "learning", "level": "basic" }
			],
			"specialties":
			[
				{ "type":8, "val": 0, "subtype": 46, "info": 0 }
			]
		},
		{
			"id": 78,
			"class" : "necromancer",
			"female": true,
			"spellbook": [ 42 ],
			"skills":
			[
				{ "skill" : "necromancy", "level": "advanced" }
			],
			"specialties":
			[
				{ "type":2, "val": 5, "subtype": 12, "info": 0 }
			]
		},
		{
			"id": 79,
			"class" : "necromancer",
			"female": false,
			"spellbook": [ 30 ],
			"skills":
			[
				{ "skill" : "necromancy", "level": "basic" },
				{ "skill" : "intelligence", "level": "basic" }
			],
			"specialties":
			[
				{ "type":10, "val": 350, "subtype": 6, "info": 0 }
			]
		},
		{
			"id": 80,
			"class" : "warlock",
			"female": true,
			"skills":
			[
				{ "skill" : "scouting", "level": "basic" },
				{ "skill" : "leadership", "level": "basic" }
			],
			"specialties":
			[
				{ "type":1, "val": 0, "subtype": 0, "info": 72 }
			]
		},
		{
			"id": 81,
			"class" : "warlock",
			"female": false,
			"skills":
			[
				{ "skill" : "artillery", "level": "basic" },
				{ "skill" : "offence", "level": "basic" }
			],
			"specialties":
			[
				{ "type":1, "val": 0, "subtype": 0, "info": 146 }
			]
		},
		{
			"id": 82,
			"class" : "warlock",
			"female": false,
			"skills":
			[
				{ "skill" : "tactics", "level": "basic" },
				{ "skill" : "offence", "level": "basic" }
			],
			"specialties":
			[
				{ "type":1, "val": 0, "subtype": 0, "info": 78 }
			]
		},
		{
			"id": 83,
			"class" : "warlock",
			"female": false,
			"skills":
			[
				{ "skill" : "leadership", "level": "basic" },
				{ "skill" : "resistance", "level": "basic" }
			],
			"specialties":
			[
				{ "type":1, "val": 0, "subtype": 0, "info": 74 }
			]
		},
		{
			"id": 84,
			"class" : "warlock",
			"female": false,
			"skills":
			[
				{ "skill" : "offence", "level": "advanced" }
			],
			"specialties":
			[
				{ "type":10, "val": 350, "subtype": 6, "info": 0 }
			]
		},
		{
			"id": 85,
			"class" : "warlock",
			"female": false,
			"skills":
			[
				{ "skill" : "logistics", "level": "basic" },
				{ "skill" : "tactics", "level": "basic" }
			],
			"specialties":
			[
				{ "type":2, "val": 5, "subtype": 2, "info": 0 }
			]
		},
		{
			"id": 86,
			"class" : "warlock",
			"female": true,
			"skills":
			[
				{ "skill" : "leadership", "level": "basic" },
				{ "skill" : "scholar", "level": "basic" }
			],
			"specialties":
			[
				{ "type":1, "val": 0, "subtype": 0, "info": 80 }
			]
		},
		{
			"id": 87,
			"class" : "warlock",
			"female": false,
			"skills":
			[
				{ "skill" : "tactics", "level": "basic" },
				{ "skill" : "offence", "level": "basic" }
			],
			"specialties":
			[
				{ "type":1, "val": 0, "subtype": 0, "info": 70 }
			]
		},
		{
			"id": 88,
			"class" : "overlord",
			"spellbook": [ 38 ],
			"female": false,
			"skills":
			[
				{ "skill" : "wisdom", "level": "basic" },
				{ "skill" : "scholar", "level": "basic" }
			],
			"specialties":
			[
				{ "type":3, "val": 3, "subtype": 38, "info": 0 }
			]
		},
		{
			"id": 89,
			"class" : "overlord",
			"female": false,
			"spellbook": [ 27 ],
			"skills":
			[
				{ "skill" : "wisdom", "level": "basic" },
				{ "skill" : "mysticism", "level": "basic" }
			],
			"specialties":
			[
				{ "type":2, "val": 5, "subtype": 8, "info": 1 }
			]
		},
		{
			"id": 90,
			"class" : "overlord",
			"female": false,
			"spellbook": [ 43 ],
			"skills":
			[
				{ "skill" : "wisdom", "level": "basic" },
				{ "skill" : "sorcery", "level": "basic" }
			],
			"specialties":
			[
				{ "type":2, "val": 5, "subtype": 25, "info": 0 }
			]
		},
		{
			"id": 91,
			"class" : "overlord",
			"female": true,
			"spellbook": [ 38 ],
			"skills":
			[
				{ "skill" : "wisdom", "level": "advanced" }
			],
			"specialties":
			[
				{ "type":3, "val": 3, "subtype": 38, "info": 0 }
			]
		},
		{
			"id": 92,
			"class" : "overlord",
			"female": false,
			"spellbook": [ 54 ],
			"skills":
			[
				{ "skill" : "wisdom", "level": "basic" },
				{ "skill" : "eagleEye", "level": "basic" }
			],
			"specialties":
			[
				{ "type":2, "val": 5, "subtype": 11, "info": 1 }
			]
		},
		{
			"id": 93,
			"class" : "overlord",
			"female": false,
			"spellbook": [ 23 ],
			"skills":
			[
				{ "skill" : "wisdom", "level": "basic" },
				{ "skill" : "scouting", "level": "advanced" }
			],
			"specialties":
			[
				{ "type":3, "val": 3, "subtype": 23, "info": 0 }
			]
		},
		{
			"id": 94,
			"class" : "overlord",
			"female": true,
			"spellbook": [ 30 ],
			"skills":
			[
				{ "skill" : "wisdom", "level": "basic" },
				{ "skill" : "intelligence", "level": "basic" }
			],
			"specialties":
			[
				{ "type":10, "val": 1, "subtype": 4, "info": 0 }
			]
		},
		{
			"id": 95,
			"class" : "overlord",
			"female": false,
			"spellbook": [ 46 ],
			"skills":
			[
				{ "skill" : "wisdom", "level": "basic" },
				{ "skill" : "learning", "level": "basic" }
			],
			"specialties":
			[
				{ "type":8, "val": 0, "subtype": 46, "info": 0 }
			]
		},
		{
			"id": 96,
			"class" : "barbarian",
			"female": false,
			"skills":
			[
				{ "skill" : "offence", "level": "basic" },
				{ "skill" : "ballistics", "level": "basic" }
			],
			"specialties":
			[
				{ "type":1, "val": 0, "subtype": 0, "info": 94 }
			]
		},
		{
			"id": 97,
			"class" : "barbarian",
			"female": false,
			"skills":
			[
				{ "skill" : "offence", "level": "basic" },
				{ "skill" : "artillery", "level": "basic" }
			],
			"specialties":
			[
				{ "type":1, "val": 0, "subtype": 0, "info": 146 }
			]
		},
		{
			"id": 98,
			"class" : "barbarian",
			"female": false,
			"skills":
			[
				{ "skill" : "offence", "level": "basic" },
				{ "skill" : "archery", "level": "basic" }
			],
			"specialties":
			[
				{ "type":1, "val": 0, "subtype": 0, "info": 88 }
			]
		},
		{
			"id": 99,
			"class" : "barbarian",
			"female": true,
			"skills":
			[
				{ "skill" : "offence", "level": "basic" },
				{ "skill" : "scouting", "level": "basic" }
			],
			"specialties":
			[
				{ "type":1, "val": 0, "subtype": 0, "info": 92 }
			]
		},
		{
			"id": 100,
			"class" : "barbarian",
			"female": true,
			"skills":
			[
				{ "skill" : "offence", "level": "basic" },
				{ "skill" : "pathfinding", "level": "basic" }
			]
		},
		{
			"id": 101,
			"class" : "barbarian",
			"female": false,
			"skills":
			[
				{ "skill" : "offence", "level": "basic" },
				{ "skill" : "resistance", "level": "basic" }
			],
			"specialties":
			[
				{ "type":1, "val": 0, "subtype": 0, "info": 84 }
			]
		},
		{
			"id": 102,
			"class" : "barbarian",
			"female": false,
			"skills":
			[
				{ "skill" : "offence", "level": "advanced" }
			],
			"specialties":
			[
				{ "type":1, "val": 0, "subtype": 0, "info": 90 }
			]
		},
		{
			"id": 103,
			"class" : "barbarian",
			"female": false,
			"skills":
			[
				{ "skill" : "offence", "level": "basic" },
				{ "skill" : "tactics", "level": "basic" }
			],
			"specialties":
			[
				{ "type":2, "val": 5, "subtype": 22, "info": 0 }
			]
		},
		{
			"id": 104,
			"class" : "battlemage",
			"spellbook": [ 43 ],
			"female": true,
			"skills":
			[
				{ "skill" : "wisdom", "level": "basic" },
				{ "skill" : "sorcery", "level": "basic" }
			],
			"specialties":
			[
				{ "type":1, "val": 0, "subtype": 0, "info": 86 }
			]
		},
		{
			"id": 105,
			"class" : "battlemage",
			"female": false,
			"spellbook": [ 15 ],
			"skills":
			[
				{ "skill" : "wisdom", "level": "basic" },
				{ "skill" : "leadership", "level": "basic" }
			],
			"specialties":
			[
				{ "type":2, "val": 5, "subtype": 25, "info": 0 }
			]
		},
		{
			"id": 106,
			"class" : "battlemage",
			"female": true,
			"spellbook": [ 46 ],
			"skills":
			[
				{ "skill" : "wisdom", "level": "basic" },
				{ "skill" : "logistics", "level": "basic" }
			],
			"specialties":
			[
				{ "type":1, "val": 0, "subtype": 0, "info": 90 }
			]
		},
		{
			"id": 107,
			"class" : "battlemage",
			"female": false,
			"spellbook": [ 53 ],
			"skills":
			[
				{ "skill" : "wisdom", "level": "basic" },
				{ "skill" : "tactics", "level": "basic" }
			],
			"specialties":
			[
				{ "type":2, "val": 5, "subtype": 2, "info": 0 }
			]
		},
		{
			"id": 108,
			"class" : "battlemage",
			"female": false,
			"spellbook": [ 44 ],
			"skills":
			[
				{ "skill" : "wisdom", "level": "basic" },
				{ "skill" : "artillery", "level": "basic" }
			],
			"specialties":
			[
				{ "type":8, "val": 0, "subtype": 53, "info": 0 }
			]
		},
		{
			"id": 109,
			"class" : "battlemage",
			"spellbook": [ 54 ],
			"female": true,
			"skills":
			[
				{ "skill" : "wisdom", "level": "basic" },
				{ "skill" : "offence", "level": "basic" }
			],
			"specialties":
			[
				{ "type":8, "val": 0, "subtype": 44, "info": 0 }
			]
		},
		{
			"id": 110,
			"class" : "battlemage",
			"female": true,
			"spellbook": [ 30 ],
			"skills":
			[
				{ "skill" : "wisdom", "level": "basic" },
				{ "skill" : "eagleEye", "level": "basic" }
			],
			"specialties":
			[
				{ "type":2, "val": 5, "subtype": 25, "info": 0 }
			]
		},
		{
			"id": 111,
			"class" : "battlemage",
			"female": false,
			"spellbook": [ 43 ],
			"skills":
			[
				{ "skill" : "wisdom", "level": "basic" },
				{ "skill" : "resistance", "level": "basic" }
			],
			"specialties":
			[
				{ "type":2, "val": 5, "subtype": 11, "info": 1 }
			]
		},
		{
			"id": 112,
			"class" : "beastmaster",
			"female": false,
			"skills":
			[
				{ "skill" : "armorer", "level": "basic" },
				{ "skill" : "resistance", "level": "basic" }
			],
			"specialties":
			[
				{ "type":10, "val": 1, "subtype": 5, "info": 0 }
			]
		},
		{
			"id": 113,
			"class" : "beastmaster",
			"female": false,
			"skills":
			[
				{ "skill" : "armorer", "level": "basic" },
				{ "skill" : "leadership", "level": "basic" }
			],
			"specialties":
			[
				{ "type":1, "val": 0, "subtype": 0, "info": 106 }
			]
		},
		{
			"id": 114,
			"class" : "beastmaster",
			"female": false,
			"skills":
			[
				{ "skill" : "armorer", "level": "basic" },
				{ "skill" : "archery", "level": "basic" }
			],
			"specialties":
			[
				{ "type":1, "val": 0, "subtype": 0, "info": 98 }
			]
		},
		{
			"id": 115,
			"class" : "beastmaster",
			"female": false,
			"skills":
			[
				{ "skill" : "armorer", "level": "advanced" }
			],
			"specialties":
			[
				{ "type":1, "val": 0, "subtype": 0, "info": 100 }
			]
		},
		{
			"id": 116,
			"class" : "beastmaster",
			"female": false,
			"skills":
			[
				{ "skill" : "armorer", "level": "basic" },
				{ "skill" : "offence", "level": "basic" }
			],
			"specialties":
			[
				{ "type":2, "val": 5, "subtype": 23, "info": 0 }
			]
		},
		{
			"id": 117,
			"class" : "beastmaster",
			"female": false,
			"skills":
			[
				{ "skill" : "armorer", "level": "basic" },
				{ "skill" : "pathfinding", "level": "basic" }
			],
			"specialties":
			[
				{ "type":1, "val": 0, "subtype": 0, "info": 102 }
			]
		},
		{
			"id": 118,
			"class" : "beastmaster",
			"female": false,
			"skills":
			[
				{ "skill" : "armorer", "level": "basic" },
				{ "skill" : "artillery", "level": "basic" }
			],
			"specialties":
			[
				{ "type":1, "val": 0, "subtype": 0, "info": 104 }
			]
		},
		{
			"id": 119,
			"class" : "beastmaster",
			"female": false,
			"skills":
			[
				{ "skill" : "armorer", "level": "basic" },
				{ "skill" : "scouting", "level": "basic" }
			],
			"specialties":
			[
				{ "type":1, "val": 0, "subtype": 0, "info": 146 }
			]
		},
		{
			"id": 120,
			"class" : "witch",
			"spellbook": [ 45 ],
			"female": true,
			"skills":
			[
				{ "skill" : "wisdom", "level": "advanced" }
			],
			"specialties":
			[
				{ "type":1, "val": 0, "subtype": 0, "info": 108 }
			]
		},
		{
			"id": 121,
			"class" : "witch",
			"female": true,
			"spellbook": [ 15 ],
			"skills":
			[
				{ "skill" : "wisdom", "level": "basic" },
				{ "skill" : "mysticism", "level": "basic" }
			],
			"specialties":
			[
				{ "type":2, "val": 5, "subtype": 8, "info": 1 }
			]
		},
		{
			"id": 122,
			"class" : "witch",
			"female": true,
			"spellbook": [ 54 ],
			"skills":
			[
				{ "skill" : "wisdom", "level": "basic" },
				{ "skill" : "navigation", "level": "basic" }
			],
			"specialties":
			[
				{ "type":2, "val": 2, "subtype": 5, "info": 1 }
			]
		},
		{
			"id": 123,
			"class" : "witch",
			"female": true,
			"spellbook": [ 31 ],
			"skills":
			[
				{ "skill" : "wisdom", "level": "basic" },
				{ "skill" : "firstAid", "level": "basic" }
			],
			"specialties":
			[
				{ "type":2, "val": 5, "subtype": 27, "info": 1 }
			]
		},
		{
			"id": 124,
			"class" : "witch",
			"female": true,
			"spellbook": [ 46 ],
			"skills":
			[
				{ "skill" : "wisdom", "level": "basic" },
				{ "skill" : "learning", "level": "basic" }
			],
			"specialties":
			[
				{ "type":8, "val": 0, "subtype": 46, "info": 0 }
			]
		},
		{
			"id": 125,
			"class" : "witch",
			"female": true,
			"spellbook": [ 27 ],
			"skills":
			[
				{ "skill" : "wisdom", "level": "basic" },
				{ "skill" : "sorcery", "level": "basic" }
			],
			"specialties":
			[
				{ "type":2, "val": 5, "subtype": 25, "info": 0 }
			]
		},
		{
			"id": 126,
			"class" : "witch",
			"female": true,
			"spellbook": [ 35 ],
			"skills":
			[
				{ "skill" : "wisdom", "level": "basic" },
				{ "skill" : "intelligence", "level": "basic" }
			],
			"specialties":
			[
				{ "type":2, "val": 5, "subtype": 24, "info": 0 }
			]
		},
		{
			"id": 127,
			"class" : "witch",
			"female": true,
			"spellbook": [ 46 ],
			"skills":
			[
				{ "skill" : "wisdom", "level": "basic" },
				{ "skill" : "eagleEye", "level": "basic" }
			],
			"specialties":
			[
				{ "type":2, "val": 5, "subtype": 11, "info": 1 }
			]
		},
		{
			"id": 128,
			"class" : "planeswalker",
			"female": true,
			"skills":
			[
				{ "skill" : "artillery", "level": "basic" },
				{ "skill" : "offence", "level": "basic" }
			],
			"specialties":
			[
				{ "type":4, "val": 3, "subtype": 1, "info": 120 },
				{ "type":4, "val": 3, "subtype": 2, "info": 120 }
			]
		},
		{
			"id": 129,
			"class" : "planeswalker",
			"female": true,
			"skills":
			[
				{ "skill" : "estates", "level": "basic" },
				{ "skill" : "tactics", "level": "basic" }
			],
			"specialties":
			[
				{ "type":4, "val": 2, "subtype": 1, "info": 113 },
				{ "type":4, "val": 1, "subtype": 2, "info": 113 },
				{ "type":4, "val": 5, "subtype": 4, "info": 113 }
			]
		},
		{
			"id": 130,
			"class" : "planeswalker",
			"female": true,
			"skills":
			[
				{ "skill" : "artillery", "level": "basic" },
				{ "skill" : "offence", "level": "basic" }
			],
			"specialties":
			[
				{ "type":4, "val": 1, "subtype": 1, "info": 114 },
				{ "type":4, "val": 2, "subtype": 1, "info": 114 },
				{ "type":4, "val": 2, "subtype": 3, "info": 114 }
			]
		},
		{
			"id": 131,
			"class" : "planeswalker",
			"female": true,
			"skills":
			[
				{ "skill" : "tactics", "level": "advanced" }
			],
			"specialties":
			[
				{ "type":4, "val": 2, "subtype": 1, "info": 115 }
			]
		},
		{
			"id": 132,
			"class" : "planeswalker",
			"female": false,
			"skills":
			[
				{ "skill" : "logistics", "level": "basic" },
				{ "skill" : "offence", "level": "basic" }
			],
			"specialties":
			[
				{ "type":4, "val": 3, "subtype": 1, "info": 120 },
				{ "type":4, "val": 3, "subtype": 2, "info": 120 }
			]
		},
		{
			"id": 133,
			"class" : "planeswalker",
			"female": false,
			"skills":
			[
				{ "skill" : "estates", "level": "basic" },
				{ "skill" : "tactics", "level": "basic" }
			],
			"specialties":
			[
				{ "type":4, "val": 2, "subtype": 1, "info": 113 },
				{ "type":4, "val": 1, "subtype": 2, "info": 113 },
				{ "type":4, "val": 5, "subtype": 4, "info": 113 }
			]
		},
		{
			"id": 134,
			"class" : "planeswalker",
			"female": false,
			"skills":
			[
				{ "skill" : "offence", "level": "advanced" }
			],
			"specialties":
			[
				{ "type":4, "val": 1, "subtype": 1, "info": 114 },
				{ "type":4, "val": 2, "subtype": 1, "info": 114 },
				{ "type":4, "val": 2, "subtype": 3, "info": 114 }
			]
		},
		{
			"id": 135,
			"class" : "planeswalker",
			"female": false,
			"skills":
			[
				{ "skill" : "tactics", "level": "basic" },
				{ "skill" : "learning", "level": "basic" }
			],
			"specialties":
			[
				{ "type":4, "val": 2, "subtype": 1, "info": 115 }
			]
		},
		{
			"id": 136,
			"class" : "elementalist",
			"spellbook": [ 13 ],
			"female": true,
			"skills":
			[
				{ "skill" : "wisdom", "level": "basic" },
				{ "skill" : "fireMagic", "level": "basic" }
			],
			"specialties":
			[
				{ "type":5, "val": 100, "subtype": 13, "info": 0 }
			]
		},
		{
			"id": 137,
			"class" : "elementalist",
			"female": true,
			"spellbook": [ 53 ],
			"skills":
			[
				{ "skill" : "wisdom", "level": "basic" },
				{ "skill" : "airMagic", "level": "basic" }
			],
			"specialties":
			[
				{ "type":8, "val": 0, "subtype": 53, "info": 0 }
			]
		},
		{
			"id": 138,
			"class" : "elementalist",
			"female": true,
			"spellbook": [ 15 ],
			"skills":
			[
				{ "skill" : "wisdom", "level": "basic" },
				{ "skill" : "waterMagic", "level": "basic" }
			],
			"specialties":
			[
				{ "type":5, "val": 50, "subtype": 15, "info": 0 }
			]
		},
		{
			"id": 139,
			"class" : "elementalist",
			"female": true,
			"spellbook": [ 46 ],
			"skills":
			[
				{ "skill" : "wisdom", "level": "basic" },
				{ "skill" : "earthMagic", "level": "basic" }
			],
			"specialties":
			[
				{ "type":8, "val": 0, "subtype": 46, "info": 0 }
			]
		},
		{
			"id": 140,
			"class" : "elementalist",
			"female": false,
			"spellbook": [ 43 ],
			"skills":
			[
				{ "skill" : "wisdom", "level": "basic" },
				{ "skill" : "fireMagic", "level": "basic" }
			],
			"specialties":
			[
				{ "type":8, "val": 0, "subtype": 43, "info": 0 }
			]
		},
		{
			"id": 141,
			"class" : "elementalist",
			"female": false,
			"spellbook": [ 47 ],
			"skills":
			[
				{ "skill" : "wisdom", "level": "basic" },
				{ "skill" : "airMagic", "level": "basic" }
			],
			"specialties":
			[
				{ "type":8, "val": 0, "subtype": 47, "info": 0 }
			]
		},
		{
			"id": 142,
			"class" : "elementalist",
			"female": false,
			"spellbook": [ 35 ],
			"skills":
			[
				{ "skill" : "wisdom", "level": "basic" },
				{ "skill" : "waterMagic", "level": "basic" }
			],
			"specialties":
			[
				{ "type":10, "val": 350, "subtype": 6, "info": 0 }
			]
		},
		{
			"id": 143,
			"class" : "elementalist",
			"female": false,
			"spellbook": [ 54 ],
			"skills":
			[
				{ "skill" : "wisdom", "level": "basic" },
				{ "skill" : "earthMagic", "level": "basic" }
			],
			"specialties":
			[
				{ "type":10, "val": 350, "subtype": 6, "info": 0 }
			]
		},
		{
			"id": 144,
			"class" : "knight",
			"female": false,
			"special" : true,
			"skills":
			[
				{ "skill" : "leadership", "level": "advanced" }
			],
			"specialties":
			[
				{ "type":12, "val": 2, "subtype": 0, "info": 0 }
			]
		},
		{
			"id": 145,
			"class" : "witch",
			"female": true,
			"special" : true,
			"spellbook": [ 22 ],
			"skills":
			[
				{ "skill" : "wisdom", "level": "basic" },
				{ "skill" : "fireMagic", "level": "expert" } ],
			"specialties":
			[
				{ "type":11, "val": 14, "subtype": 0, "info": 0 }
			]
		},
		{
			"id": 146,
			"class" : "knight",
			"female": true,
			"special" : true,
			"skills":
			[
				{ "skill" : "leadership", "level": "basic" },
				{ "skill" : "offence", "level": "basic" }
			],
			"specialties":
			[
				{ "type":1, "val": 0, "subtype": 0, "info": 4 }
			]
		},
		{
			"id": 147,
			"class" : "wizard",
			"female": false,
			"special" : true,
			"spellbook": [ 53 ],
			"skills":
			[
				{ "skill" : "wisdom", "level": "advanced" }
			],
			"specialties":
			[
				{ "type":9, "val": 0, "subtype": 8, "info": 136 },
				{ "type":9, "val": 0, "subtype": 34, "info": 136 }
			]
		},
		{
			"id": 148,
			"class" : "ranger",
			"female": false,
			"special" : true,
			"skills":
			[
				{ "skill" : "archery", "level": "basic" },
				{ "skill" : "leadership", "level": "basic" }
			],
			"specialties":
			[
				{ "type":9, "val": 0, "subtype": 2, "info": 137 },
				{ "type":9, "val": 0, "subtype": 18, "info": 137 }
			]
		},
		{
			"id": 149,
			"class" : "barbarian",
			"female": false,
			"special" : true,
			"skills":
			[
				{ "skill" : "offence", "level": "advanced" }
			],
			"specialties":
			[
				{ "type":4, "val": 5,  "subtype": 1, "info": 96 },
				{ "type":4, "val": 5,  "subtype": 2, "info": 96 },
				{ "type":4, "val": 10, "subtype": 3, "info": 96 }
			]
		},
		{
			"id": 150,
			"class" : "deathknight",
			"female": false,
			"special" : true,
			"spellbook": [ 54 ],
			"skills":
			[
				{ "skill" : "necromancy", "level": "advanced" }
			],
			"specialties":
			[
				{ "type":4, "val": 5,  "subtype": 1, "info": 66 },
				{ "type":4, "val": 5,  "subtype": 2, "info": 66 },
				{ "type":4, "val": 10, "subtype": 3, "info": 66 }
			]
		},
		{
			"id": 151,
			"class" : "warlock",
			"female": true,
			"special" : true,
			"spellbook": [ 15 ],
			"skills":
			[
				{ "skill" : "estates", "level": "basic" },
				{ "skill" : "tactics", "level": "basic" }
			],
			"specialties":
			[
				{ "type":13, "val": 5, "subtype": 1, "info": 0 },
				{ "type":13, "val": 5, "subtype": 2, "info": 0 }
			]
		},
		{
			"id": 152,
			"class" : "knight",
			"female": false,
			"special" : true,
			"skills":
			[
				{ "skill" : "leadership", "level": "basic" },
				{ "skill" : "armorer", "level": "basic" }
			],
			"specialties":
			[
				{ "type":1, "val": 0, "subtype": 0, "info": 4 }
			]
		},
		{
			"id": 153,
			"class" : "warlock",
			"female": true,
			"special" : true,
			"spellbook": [ 15 ],
			"skills":
			[
				{ "skill" : "estates", "level": "basic" },
				{ "skill" : "tactics", "level": "basic" }
			],
			"specialties":
			[
				{ "type":13, "val": 1, "subtype": 1, "info": 5 },
				{ "type":13, "val": 1, "subtype": 1, "info": 5 }
			]
		},
		{
			"id": 154,
			"class" : "barbarian",
			"female": false,
			"special" : true,
			"skills":
			[
				{ "skill" : "tactics", "level": "basic" },
				{ "skill" : "offence", "level": "basic" }
			],
			"specialties":
			[
				{ "type":1, "val": 0, "subtype": 0, "info": 90 }
			]
		},
		{
			"id": 155,
			"class" : "demoniac",
			"female": false,
			"special" : true,
			"skills":
			[
				{ "skill" : "leadership", "level": "basic" },
				{ "skill" : "tactics", "level": "basic" }
			],
			"specialties":
			[
				{ "type":4, "val": 4, "subtype": 1, "info": 54 },
				{ "type":4, "val": 2, "subtype": 2, "info": 54 },
				{ "type":4, "val": 1, "subtype": 5, "info": 54 }
			]
		}
	]
}
