{
	"filesystem":
	{
		"DATA/" :
		[
			{"type" : "lod", "path" : "/Data/hmm35wog.pac"},
			{"type" : "dir", "path" : "/Data"}
		],
		"SPRITES/":
		[
			{"type" : "lod", "path" : "/Data/hmm35wog.pac"},
			{"type" : "lod", "path" : "/Data/wog - animated objects.pac"},
			{"type" : "lod", "path" : "/Data/wog - animated trees.pac"},
			{"type" : "lod", "path" : "/Data/wog - battle decorations.pac"}
		],
		"SOUNDS/":
		[
			{"type" : "snd", "path" : "/Data/wog - sounds.snd"},
			{"type" : "snd", "path" : "/Data/wog.snd"}
		],
		"MUSIC/":
		[
			{"type" : "dir", "path" : "/Mp3"}
		],
		"VIDEO/":
		[
			{"type" : "vid", "path" : "/Data/wog - video.vid"},
			{"type" : "vid", "path" : "/Data/wog.vid"}
		],
		"MAPS/":
		[
			{"type" : "dir", "path" : "/Maps"}
		],
	},

	"name" : "In The Wake of Gods",
	"description" : "Unnofficial addon for Heroes of Might and Magic III"
}
