{
	// for each castle:
	//  id: town ID
	//  boxes: row buildings containing sets of ids for each box
	"town": [
		{
			"id": 0,
			"image": "TPTHBKCS.BMP",
			"boxes": [
				[ [ 10, 11, 12, 13 ], [ 7, 8, 9 ], [ 5, 22 ], [ 16 ] ],
				[ [ 14, 15 ], [ 0, 1, 2, 3 ], [ 6, 17 ] ],
				[ [ 21 ], [ 18, 19 ] ],
				[ [ 30, 37 ], [ 31, 38 ], [ 32, 39 ], [ 33, 40 ] ],
				[ [ 34, 41 ], [ 35, 42 ], [ 36, 43 ] ]
			]
		},

		{
			"id": 1,
			"image": "TPTHBKRM.BMP",
			"boxes": [
				[ [ 10, 11, 12, 13 ], [ 7, 8, 9 ], [ 5 ], [ 16 ] ],
				[ [ 14, 15 ], [ 0, 1, 2, 3, 4 ], [ 17, 21 ] ],
				[ [ 22 ], [ 24, 25 ], [ 18, 19 ] ],
				[ [ 30, 37 ], [ 31, 38 ], [ 32, 39 ], [ 33, 40 ] ],
				[ [ 34, 41 ], [ 35, 42 ], [ 36, 43 ] ]
			]
		},

		{
			"id": 2,
			"image": "TPTHBKTW.BMP",
			"boxes": [
				[ [ 10, 11, 12, 13 ], [ 7, 8, 9 ], [ 5 ], [ 16 ] ],
				[ [ 14, 15 ], [ 0, 1, 2, 3, 4 ], [ 22 ], [ 23 ] ],
				[ [ 17 ], [ 21 ], [ 18, 19 ] ],
				[ [ 30, 37 ], [ 31, 38 ], [ 32, 39 ], [ 33, 40 ] ],
				[ [ 34, 41 ], [ 35, 42 ], [ 36, 43 ] ]
			]
		},

		{
			"id": 3,
			"image": "TPTHBKIN.BMP",
			"boxes": [
				[ [ 10, 11, 12, 13 ], [ 7, 8, 9 ], [ 5 ], [ 16 ] ],
				[ [ 14, 15 ], [ 0, 1, 2, 3, 4 ], [ 23 ], [ 21 ] ],
				[ [ 22 ], [ 18, 19 ], [ 24, 25 ] ],
				[ [ 30, 37 ], [ 31, 38 ], [ 32, 39 ], [ 33, 40 ] ],
				[ [ 34, 41 ], [ 35, 42 ], [ 36, 43 ] ]
			]
		},

		{
			"id": 4,
			"image": "TPTHBKNC.BMP",
			"boxes": [
				[ [ 10, 11, 12, 13 ], [ 7, 8, 9 ], [ 5 ], [ 16 ] ],
				[ [ 14, 15 ], [ 0, 1, 2, 3, 4 ], [ 21 ], [ 6 ] ],
				[ [ 17 ], [ 22 ], [ 18, 19 ] ],
				[ [ 30, 37 ], [ 31, 38 ], [ 32, 39 ], [ 33, 40 ] ],
				[ [ 34, 41 ], [ 35, 42 ], [ 36, 43 ] ]
			]
		},

		{
			"id": 5,
			"image": "TPTHBKDG.BMP",
			"boxes": [
				[ [ 10, 11, 12, 13 ], [ 7, 8, 9 ], [ 5 ], [ 16 ] ],
				[ [ 14, 15 ], [ 0, 1, 2, 3, 4 ], [ 21 ], [ 22 ] ],
				[ [ 17 ], [ 23 ], [ 18, 19 ] ],
				[ [ 30, 37 ], [ 31, 38 ], [ 32, 39 ], [ 33, 40 ] ],
				[ [ 34, 41 ], [ 35, 42 ], [ 36, 43 ] ]
			]
		},

		{
			"id": 6,
			"image": "TPTHBKTW.BMP",
			"boxes": [
				[ [ 10, 11, 12, 13 ], [ 7, 8, 9 ], [ 5 ], [ 16 ] ],
				[ [ 14, 15 ], [ 0, 1, 2 ], [ 23 ], [ 17 ] ],
				[ [ 21 ], [ 22 ], [ 18, 19 ] ],
				[ [ 30, 37 ], [ 31, 38 ], [ 32, 39 ], [ 33, 40 ] ],
				[ [ 34, 41 ], [ 35, 42 ], [ 36, 43 ] ]
			]
		},

		{
			"id": 7,
			"image": "TPTHBKFR.BMP",
			"boxes": [
				[ [ 10, 11, 12, 13 ], [ 7, 8, 9 ], [ 5 ], [ 16 ] ],
				[ [ 14, 15 ], [ 0, 1, 2 ], [ 6 ] ],
				[ [ 17 ], [ 21, 22 ], [ 18, 19 ] ],
				[ [ 30, 37 ], [ 31, 38 ], [ 32, 39 ], [ 33, 40 ] ],
				[ [ 34, 41 ], [ 35, 42 ], [ 36, 43 ] ]
			]
		},

		{
			"id": 8,
			"image": "TPTHBKFR.BMP",
			"boxes": [
				[ [ 10, 11, 12, 13 ], [ 7, 8, 9 ], [ 5 ], [ 16 ] ],
				[ [ 14, 15 ], [ 0, 1, 2, 3, 4 ], [ 6 ] ],
				[ [ 21 ], [ 17 ], [ 18, 19 ] ],
				[ [ 30, 37 ], [ 31, 38 ], [ 32, 39 ], [ 33, 40 ] ],
				[ [ 34, 41 ], [ 35, 42 ], [ 36, 43 ] ]
			]
		}
	]
}
