{
	// heroes' information.
	//   id: hero id
	//   female: true if hero is female, else false
	//   skill_set: initial set of secondary abilities (skill ID, initial skill level)
	//   spell: hero starts with that initial spell
	"heroes": [
		{ "id": 0,
		  "female": false,
		  "skill_set": [ { "skill": 6, "level": 1 },
		  			    { "skill": 1, "level": 1 } ],
		  "specialties": [ { "type":2, "val": 5, "subtype": 1, "info": 0 } ] },
		{ "id": 1,
		  "female": true,
		  "skill_set": [ { "skill": 6, "level": 1 },
		  			    { "skill": 1, "level": 1 } ],
		  "specialties": [ { "type":1, "val": 0, "subtype": 0, "info": 2 } ] },
		{ "id": 2,
		  "female": false,
		  "skill_set": [ { "skill": 6, "level": 1 },
		  			    { "skill": 23, "level": 1 } ],
		  "specialties": [ { "type":1, "val": 0, "subtype": 0, "info": 4 } ] },
		{ "id": 3,
		  "female": true,
		  "skill_set": [ { "skill": 6, "level": 1 },
		  			    { "skill": 5, "level": 1 } ],
		  "specialties": [ { "type":2, "val": 2, "subtype": 5, "info": 1 } ] },
		{ "id": 4,
		  "female": false,
		  "skill_set": [ { "skill": 6, "level": 1 },
		  			    { "skill": 13, "level": 1 } ],
		  "specialties": [ { "type":2, "val": 5, "subtype": 13, "info": 0 } ] },
		{ "id": 5,
		  "female": true,
		  "skill_set": [ { "skill": 6, "level": 1 },
		  			    { "skill": 22, "level": 1 } ],
		  "specialties": [ { "type":1, "val": 0, "subtype": 0, "info": 6 } ] },
		{ "id": 6,
		  "female": false,
		  "skill_set": [ { "skill": 6, "level": 1 },
		  			    { "skill": 20, "level": 1 } ],
		  "specialties": [ { "type":1, "val": 0, "subtype": 0, "info": 146 } ] },
		{ "id": 7,
		  "female": true,
		  "skill_set": [ { "skill": 6, "level": 1 },
		  			    { "skill": 19, "level": 1 } ],
		  "specialties": [ { "type":1, "val": 0, "subtype": 0, "info": 10 } ] },
		{ "id": 8,
		  "female": false,
		  "spell": 46,
		  "skill_set": [ { "skill": 7, "level": 1 },
		  			    { "skill": 27, "level": 1 } ],
		  "specialties": [ { "type":2, "val": 5, "subtype": 27, "info": 0 } ] },
		{ "id": 9,
		  "female": true,
		  "spell": 41,
		  "skill_set": [ { "skill": 7, "level": 1 },
		  			    { "skill": 4, "level": 1 } ],
		  "specialties": [ { "type":6, "val": 3, "subtype": 41, "info": 0 } ] },
		{ "id": 10,
		  "female": false,
		  "spell": 45,
		  "skill_set": [ { "skill": 7, "level": 1 },
		  			    { "skill": 13, "level": 1 } ],
		  "specialties": [ { "type":8, "val": 0, "subtype": 45, "info": 0 } ] },
		{ "id": 11,
		  "female": true,
		  "spell": 20,
		  "skill_set": [ { "skill": 7, "level": 2 } ],
		  "specialties": [ { "type":3, "val": 3, "subtype": 20, "info": 0 } ] },
		{ "id": 12,
		  "female": false,
		  "spell": 42,
		  "skill_set": [ { "skill": 7, "level": 1 },
		  			    { "skill": 8, "level": 1 } ],
		  "specialties": [ { "type":1, "val": 0, "subtype": 0, "info": 8 } ] },
		{ "id": 13,
		  "female": true,
		  "spell": 35,
		  "skill_set": [ { "skill": 7, "level": 1 },
		  			    { "skill": 11, "level": 1 } ],
		  "specialties": [ { "type":2, "val": 5, "subtype": 11, "info": 0 } ] },
		{ "id": 14,
		  "spell": 48,
		  "female": false,
		  "skill_set": [ { "skill": 7, "level": 1 },
		  			    { "skill": 21, "level": 1 } ],
		  "specialties": [ { "type":8, "val": 0, "subtype": 48, "info": 0 } ] },
		{ "id": 15,
		  "female": true,
		  "spell": 37,
		  "skill_set": [ { "skill": 7, "level": 1 },
		  			    { "skill": 24, "level": 1 } ],
		  "specialties": [ { "type":10, "val": 350, "subtype": 6, "info": 0 } ] },
		{ "id": 16,
		  "female": true,
		  "skill_set": [ { "skill": 6, "level": 1 },
		  			    { "skill": 23, "level": 1 } ],
		  "specialties": [ { "type":2, "val": 5, "subtype": 23, "info": 0 } ] },
		{ "id": 17,
		  "female": false,
		  "skill_set": [ { "skill": 9, "level": 1 },
		  			    { "skill": 26, "level": 1 } ],
		  "specialties": [ { "type":1, "val": 0, "subtype": 0, "info": 16 } ] },
		{ "id": 18,
		  "female": true,
		  "skill_set": [ { "skill": 1, "level": 2 } ],
		  "specialties": [ { "type":10, "val": 350, "subtype": 6, "info": 0 } ] },
		{ "id": 19,
		  "female": false,
		  "skill_set": [ { "skill": 4, "level": 1 },
		  			    { "skill": 6, "level": 1 } ],
		  "specialties": [ { "type":1, "val": 0, "subtype": 0, "info": 22 } ] },
		{ "id": 20,
		  "female": false,
		  "skill_set": [ { "skill": 26, "level": 2 } ],
		  "specialties": [ { "type":2, "val": 5, "subtype": 26, "info": 0 } ] },
		{ "id": 21,
		  "female": false,
		  "skill_set": [ { "skill": 1, "level": 1 },
		  			    { "skill": 22, "level": 1 } ],
		  "specialties": [ { "type":1, "val": 0, "subtype": 0, "info": 18 } ] },
		{ "id": 22,
		  "female": false,
		  "skill_set": [ { "skill": 0, "level": 1 },
		  			    { "skill": 26, "level": 1 } ],
		  "specialties": [ { "type":1, "val": 0, "subtype": 0, "info": 24 } ] },
		{ "id": 23,
		  "female": true,
		  "skill_set": [ { "skill": 1, "level": 1 },
		  			    { "skill": 2, "level": 1 } ],
		  "specialties": [ { "type":2, "val": 5, "subtype": 2, "info": 0 } ] },
		{ "id": 24,
		  "spell": 55,
		  "female": false,
		  "skill_set": [ { "skill": 7, "level": 1 },
		  			    { "skill": 18, "level": 1 } ],
		  "specialties": [ { "type":8, "val": 0, "subtype": 55, "info": 1 } ] },
		{ "id": 25,
		  "female": false,
		  "spell": 37,
		  "skill_set": [ { "skill": 7, "level": 2 },
		  			    { "skill": 10, "level": 1 } ],
		  "specialties": [ { "type":3, "val": 3, "subtype": 37, "info": 0 } ] },
		{ "id": 26,
		  "female": false,
		  "spell": 42,
		  "skill_set": [ { "skill": 7, "level": 1 },
		  			    { "skill": 24, "level": 1 } ],
		  "specialties": [ { "type":2, "val": 5, "subtype": 24, "info": 0 } ] },
		{ "id": 27,
		  "female": true,
		  "spell": 0,
		  "skill_set": [ { "skill": 7, "level": 1 },
		  			    { "skill": 27, "level": 1 } ],
		  "specialties": [ { "type":2, "val": 5, "subtype": 27, "info": 0 } ] },
		{ "id": 28,
		  "female": false,
		  "spell": 15,
		  "skill_set": [ { "skill": 7, "level": 1 },
		  			    { "skill": 11, "level": 1 } ],
		  "specialties": [ { "type":2, "val": 5, "subtype": 11, "info": 0 } ] },
		{ "id": 29,
		  "spell": 51,
		  "female": true,
		  "skill_set": [ { "skill": 7, "level": 1 },
		  			    { "skill": 9, "level": 1 } ],
		  "specialties": [ { "type":7, "val": 0, "subtype": 51, "info": 0 } ] },
		{ "id": 30,
		  "female": false,
		  "spell": 16,
		  "skill_set": [ { "skill": 7, "level": 1 },
		  			    { "skill": 25, "level": 1 } ],
		  "specialties": [ { "type":3, "val": 3, "subtype": 16, "info": 0 } ] },
		{ "id": 31,
		  "female": false,
		  "spell": 30,
		  "skill_set": [ { "skill": 7, "level": 1 },
		  			    { "skill": 3, "level": 1 } ],
		  "specialties": [ { "type":1, "val": 0, "subtype": 0, "info": 20 } ] },
		{ "id": 32,
		  "female": false,
		  "spell": 27,
		  "skill_set": [ { "skill": 3, "level": 1 },
		  			    { "skill": 8, "level": 1 } ],
		  "specialties": [ { "type":1, "val": 0, "subtype": 0, "info": 30 } ] },
		{ "id": 33,
		  "female": false,
		  "spell": 15,
		  "skill_set": [ { "skill": 18, "level": 2 } ],
		  "specialties": [ { "type":1, "val": 0, "subtype": 0, "info": 36 } ] },
		{ "id": 34,
		  "spell": 53,
		  "female": true,
		  "skill_set": [ { "skill": 8, "level": 1 },
		  			    { "skill": 25, "level": 1 } ],
		  "specialties": [ { "type":1, "val": 0, "subtype": 0, "info": 32 } ] },
		{ "id": 35,
		  "female": true,
		  "spell": 27,
		  "skill_set": [ { "skill": 18, "level": 1 },
		  			    { "skill": 23, "level": 1 } ],
		  "specialties": [ { "type":2, "val": 5, "subtype": 23, "info": 0 } ] },
		{ "id": 36,
		  "female": false,
		  "spell": 15,
		  "skill_set": [ { "skill": 8, "level": 1 },
		  			    { "skill": 19, "level": 1 } ],
		  "specialties": [ { "type":1, "val": 0, "subtype": 0, "info": 146 } ] },
		{ "id": 37,
		  "female": false,
		  "spell": 53,
		  "skill_set": [ { "skill": 18, "level": 1 },
		  			    { "skill": 26, "level": 1 } ],
		  "specialties": [ { "type":1, "val": 0, "subtype": 0, "info": 38 } ] },
		{ "id": 38,
		  "female": true,
		  "spell": 15,
		  "skill_set": [ { "skill": 8, "level": 1 },
		  			    { "skill": 22, "level": 1 } ],
		  "specialties": [ { "type":10, "val": 1, "subtype": 1, "info": 0 } ] },
		{ "id": 39,
		  "spell": 15,
		  "female": true,
		  "skill_set": [ { "skill": 18, "level": 1 },
		  			    { "skill": 24, "level": 1 } ],
		  "specialties": [ { "type":1, "val": 0, "subtype": 0, "info": 36 } ] },
		{ "id": 40,
		  "female": false,
		  "spell": 60,
		  "skill_set": [ { "skill": 7, "level": 2 } ],
		  "specialties": [ { "type":3, "val": 3, "subtype": 60, "info": 0 } ] },
		{ "id": 41,
		  "female": false,
		  "spell": 46,
		  "skill_set": [ { "skill": 7, "level": 1 },
		  			    { "skill": 8, "level": 1 } ],
		  "specialties": [ { "type":2, "val": 5, "subtype": 8, "info": 1 } ] },
		{ "id": 42,
		  "female": true,
		  "spell": 35,
		  "skill_set": [ { "skill": 7, "level": 1 },
		  			    { "skill": 11, "level": 1 } ],
		  "specialties": [ { "type":2, "val": 5, "subtype": 11, "info": 0 } ] },
		{ "id": 43,
		  "female": true,
		  "spell": 51,
		  "skill_set": [ { "skill": 7, "level": 1 },
		  			    { "skill": 24, "level": 1 } ],
		  "specialties": [ { "type":7, "val": 0, "subtype": 51, "info": 0 } ] },
		{ "id": 44,
		  "spell": 27,
		  "female": false,
		  "skill_set": [ { "skill": 7, "level": 1 },
		  			    { "skill": 10, "level": 1 } ],
		  "specialties": [ { "type":1, "val": 0, "subtype": 0, "info": 34 } ] },
		{ "id": 45,
		  "female": false,
		  "spell": 19,
		  "skill_set": [ { "skill": 7, "level": 1 },
		  			    { "skill": 25, "level": 1 } ],
		  "specialties": [ { "type":3, "val": 3, "subtype": 19, "info": 0 } ] },
		{ "id": 46,
		  "female": true,
		  "spell": 53,
		  "skill_set": [ { "skill": 7, "level": 1 },
		  			    { "skill": 4, "level": 1 } ],
		  "specialties": [ { "type":8, "val": 0, "subtype": 53, "info": 0 } ] },
		{ "id": 47,
		  "female": true,
		  "spell": 42,
		  "skill_set": [ { "skill": 7, "level": 1 },
		  			    { "skill": 18, "level": 1 } ],
		  "specialties": [ { "type":10, "val": 350, "subtype": 6, "info": 0 } ] },
		{ "id": 48,
		  "female": true,
		  "skill_set": [ { "skill": 3, "level": 2 } ],
		  "specialties": [ { "type":1, "val": 0, "subtype": 0, "info": 46 } ] },
		{ "id": 49,
		  "female": false,
		  "skill_set": [ { "skill": 7, "level": 1 },
		  			    { "skill": 18, "level": 1 } ],
		  "specialties": [ { "type":1, "val": 0, "subtype": 0, "info": 52 } ] },
		{ "id": 50,
		  "female": true,
		  "skill_set": [ { "skill": 23, "level": 2 } ],
		  "specialties": [ { "type":1, "val": 0, "subtype": 0, "info": 48 } ] },
		{ "id": 51,
		  "female": false,
		  "skill_set": [ { "skill": 19, "level": 1 },
		  			    { "skill": 26, "level": 1 } ],
		  "specialties": [ { "type":1, "val": 0, "subtype": 0, "info": 42 } ] },
		{ "id": 52,
		  "female": true,
		  "skill_set": [ { "skill": 18, "level": 1 },
		  			    { "skill": 22, "level": 1 } ],
		  "specialties": [ { "type":10, "val": 350, "subtype": 6, "info": 0 } ] },
		{ "id": 53,
		  "female": false,
		  "skill_set": [ { "skill": 1, "level": 1 },
		  			    { "skill": 3, "level": 1 } ],
		  "specialties": [ { "type":1, "val": 0, "subtype": 0, "info": 42 } ] },
		{ "id": 54,
		  "female": true,
		  "skill_set": [ { "skill": 20, "level": 1 },
		  			    { "skill": 2, "level": 1 } ],
		  "specialties": [ { "type":1, "val": 0, "subtype": 0, "info": 146 } ] },
		{ "id": 55,
		  "female": true,
		  "skill_set": [ { "skill": 22, "level": 2 } ],
		  "specialties": [ { "type":1, "val": 0, "subtype": 0, "info": 50 } ] },
		{ "id": 56,
		  "spell": 3,
		  "female": false,
		  "skill_set": [ { "skill": 7, "level": 1 },
		  			    { "skill": 24, "level": 1 } ],
		  "specialties": [ { "type":2, "val": 5, "subtype": 24, "info": 0 } ] },
		{ "id": 57,
		  "female": false,
		  "spell": 22,
		  "skill_set": [ { "skill": 7, "level": 1 },
		  			    { "skill": 18, "level": 1 } ],
		  "specialties": [ { "type":3, "val": 3, "subtype": 22, "info": 0 } ] },
		{ "id": 58,
		  "female": false,
		  "spell": 30,
		  "skill_set": [ { "skill": 7, "level": 1 },
		  			    { "skill": 8, "level": 1 } ],
		  "specialties": [ { "type":2, "val": 5, "subtype": 8, "info": 1 } ] },
		{ "id": 59,
		  "female": true,
		  "spell": 45,
		  "skill_set": [ { "skill": 7, "level": 1 },
		  			    { "skill": 10, "level": 1 } ],
		  "specialties": [ { "type":8, "val": 0, "subtype": 45, "info": 0 } ] },
		{ "id": 60,
		  "female": false,
		  "spell": 53,
		  "skill_set": [ { "skill": 7, "level": 1 },
		  			    { "skill": 21, "level": 1 } ],
		  "specialties": [ { "type":10, "val": 1, "subtype": 3, "info": 0 } ] },
		{ "id": 61,
		  "female": true,
		  "spell": 43,
		  "skill_set": [ { "skill": 7, "level": 1 },
		  			    { "skill": 11, "level": 1 } ],
		  "specialties": [ { "type":8, "val": 0, "subtype": 43, "info": 0 } ] },
		{ "id": 62,
		  "female": false,
		  "spell": 46,
		  "skill_set": [ { "skill": 7, "level": 1 },
		  			    { "skill": 25, "level": 1 } ],
		  "specialties": [ { "type":2, "val": 5, "subtype": 25, "info": 0 } ] },
		{ "id": 63,
		  "female": false,
		  "spell": 21,
		  "skill_set": [ { "skill": 7, "level": 1 },
		  			    { "skill": 6, "level": 1 } ],
		  "specialties": [ { "type":3, "val": 3, "subtype": 21, "info": 0 } ] },
		{ "id": 64,
		  "female": false,
		  "spell": 53,
		  "skill_set": [ { "skill": 12, "level": 1 },
		  			    { "skill": 26, "level": 1 } ],
		  "specialties": [ { "type":1, "val": 0, "subtype": 0, "info": 58 } ] },
		{ "id": 65,
		  "female": false,
		  "spell": 46,
		  "skill_set": [ { "skill": 12, "level": 1 },
		  			    { "skill": 20, "level": 1 } ],
		  "specialties": [ { "type":1, "val": 0, "subtype": 0, "info": 62 } ] },
		{ "id": 66,
		  "female": false,
		  "spell": 54,
		  "skill_set": [ { "skill": 12, "level": 1 },
		  			    { "skill": 21, "level": 1 } ],
		  "specialties": [ { "type":1, "val": 0, "subtype": 0, "info": 64 } ] },
		{ "id": 67,
		  "female": true,
		  "spell": 15,
		  "skill_set": [ { "skill": 12, "level": 1 },
		  			    { "skill": 19, "level": 1 } ],
		  "specialties": [ { "type":1, "val": 0, "subtype": 0, "info": 60 } ] },
		{ "id": 68,
		  "female": true,
		  "spell": 15,
		  "skill_set": [ { "skill": 12, "level": 1 },
		  			    { "skill": 22, "level": 1 } ],
		  "specialties": [ { "type":1, "val": 0, "subtype": 0, "info": 66 } ] },
		{ "id": 69,
		  "female": true,
		  "spell": 15,
		  "skill_set": [ { "skill": 12, "level": 2 } ],
		  "specialties": [ { "type":2, "val": 5, "subtype": 12, "info": 0 } ] },
		{ "id": 70,
		  "female": false,
		  "spell": 15,
		  "skill_set": [ { "skill": 12, "level": 1 },
		  			    { "skill": 22, "level": 1 } ],
		  "specialties": [ { "type":10, "val": 350, "subtype": 6, "info": 0 } ] },
		{ "id": 71,
		  "female": false,
		  "spell": 27,
		  "skill_set": [ { "skill": 12, "level": 1 },
		  			    { "skill": 23, "level": 1 } ],
		  "specialties": [ { "type":1, "val": 0, "subtype": 0, "info": 56 } ] },
		{ "id": 72,
		  "female": true,
		  "spell": 24,
		  "skill_set": [ { "skill": 12, "level": 1 },
		  			    { "skill": 18, "level": 1 } ],
		  "specialties": [ { "type":3, "val": 3, "subtype": 24, "info": 0 } ] },
		{ "id": 73,
		  "female": true,
		  "spell": 23,
		  "skill_set": [ { "skill": 12, "level": 1 },
		  			    { "skill": 7, "level": 1 } ],
		  "specialties": [ { "type":3, "val": 3, "subtype": 23, "info": 0 } ] },
		{ "id": 74,
		  "female": false,
		  "spell": 54,
		  "skill_set": [ { "skill": 12, "level": 1 },
		  			    { "skill": 25, "level": 1 } ],
		  "specialties": [ { "type":2, "val": 5, "subtype": 25, "info": 0 } ] },
		{ "id": 75,
		  "female": false,
		  "spell": 27,
		  "skill_set": [ { "skill": 12, "level": 1 },
		  			    { "skill": 11, "level": 1 } ],
		  "specialties": [ { "type":2, "val": 5, "subtype": 11, "info": 1 } ] },
		{ "id": 76,
		  "female": false,
		  "spell": 39,
		  "skill_set": [ { "skill": 12, "level": 1 },
		  			    { "skill": 8, "level": 1 } ],
		  "specialties": [ { "type":3, "val": 39, "subtype": 0, "info": 3 } ] },
		{ "id": 77,
		  "female": true,
		  "spell": 46,
		  "skill_set": [ { "skill": 12, "level": 1 },
		  			    { "skill": 21, "level": 1 } ],
		  "specialties": [ { "type":8, "val": 0, "subtype": 46, "info": 0 } ] },
		{ "id": 78,
		  "female": true,
		  "spell": 42,
		  "skill_set": [ { "skill": 12, "level": 2 } ],
		  "specialties": [ { "type":2, "val": 5, "subtype": 12, "info": 0 } ] },
		{ "id": 79,
		  "female": false,
		  "spell": 30,
		  "skill_set": [ { "skill": 12, "level": 1 },
		  			    { "skill": 24, "level": 1 } ],
		  "specialties": [ { "type":10, "val": 350, "subtype": 6, "info": 0 } ] },
		{ "id": 80,
		  "female": true,
		  "skill_set": [ { "skill": 3, "level": 1 },
		  			    { "skill": 6, "level": 1 } ],
		  "specialties": [ { "type":1, "val": 0, "subtype": 0, "info": 72 } ] },
		{ "id": 81,
		  "female": false,
		  "skill_set": [ { "skill": 20, "level": 1 },
		  			    { "skill": 22, "level": 1 } ],
		  "specialties": [ { "type":1, "val": 0, "subtype": 0, "info": 146 } ] },
		{ "id": 82,
		  "female": false,
		  "skill_set": [ { "skill": 19, "level": 1 },
		  			    { "skill": 22, "level": 1 } ],
		  "specialties": [ { "type":1, "val": 0, "subtype": 0, "info": 78 } ] },
		{ "id": 83,
		  "female": false,
		  "skill_set": [ { "skill": 6, "level": 1 },
		  			    { "skill": 26, "level": 1 } ],
		  "specialties": [ { "type":1, "val": 0, "subtype": 0, "info": 74 } ] },
		{ "id": 84,
		  "female": false,
		  "skill_set": [ { "skill": 22, "level": 2 } ],
		  "specialties": [ { "type":10, "val": 350, "subtype": 6, "info": 0 } ] },
		{ "id": 85,
		  "female": false,
		  "skill_set": [ { "skill": 2, "level": 1 },
		  			    { "skill": 19, "level": 1 } ],
		  "specialties": [ { "type":2, "val": 5, "subtype": 2, "info": 0 } ] },
		{ "id": 86,
		  "female": true,
		  "skill_set": [ { "skill": 6, "level": 1 },
		  			    { "skill": 18, "level": 1 } ],
		  "specialties": [ { "type":1, "val": 0, "subtype": 0, "info": 80 } ] },
		{ "id": 87,
		  "female": false,
		  "skill_set": [ { "skill": 19, "level": 1 },
		  			    { "skill": 22, "level": 1 } ],
		  "specialties": [ { "type":1, "val": 0, "subtype": 0, "info": 70 } ] },
		{ "id": 88,
		  "spell": 38,
		  "female": false,
		  "skill_set": [ { "skill": 7, "level": 1 },
		  			    { "skill": 18, "level": 1 } ],
		  "specialties": [ { "type":3, "val": 3, "subtype": 38, "info": 0 } ] },
		{ "id": 89,
		  "female": false,
		  "spell": 27,
		  "skill_set": [ { "skill": 7, "level": 1 },
		  			    { "skill": 8, "level": 1 } ],
		  "specialties": [ { "type":2, "val": 5, "subtype": 8, "info": 1 } ] },
		{ "id": 90,
		  "female": false,
		  "spell": 43,
		  "skill_set": [ { "skill": 7, "level": 1 },
		  			    { "skill": 25, "level": 1 } ],
		  "specialties": [ { "type":2, "val": 5, "subtype": 25, "info": 0 } ] },
		{ "id": 91,
		  "female": true,
		  "spell": 38,
		  "skill_set": [ { "skill": 7, "level": 2 } ],
		  "specialties": [ { "type":3, "val": 3, "subtype": 38, "info": 0 } ] },
		{ "id": 92,
		  "female": false,
		  "spell": 54,
		  "skill_set": [ { "skill": 7, "level": 1 },
		  			    { "skill": 11, "level": 1 } ],
		  "specialties": [ { "type":2, "val": 5, "subtype": 11, "info": 1 } ] },
		{ "id": 93,
		  "female": false,
		  "spell": 23,
		  "skill_set": [ { "skill": 7, "level": 1 },
		  			    { "skill": 3, "level": 2 } ],
		  "specialties": [ { "type":3, "val": 3, "subtype": 23, "info": 0 } ] },
		{ "id": 94,
		  "female": true,
		  "spell": 30,
		  "skill_set": [ { "skill": 7, "level": 1 },
		  			    { "skill": 24, "level": 1 } ],
		  "specialties": [ { "type":10, "val": 1, "subtype": 4, "info": 0 } ] },
		{ "id": 95,
		  "female": false,
		  "spell": 46,
		  "skill_set": [ { "skill": 7, "level": 1 },
		  			    { "skill": 21, "level": 1 } ],
		  "specialties": [ { "type":8, "val": 0, "subtype": 46, "info": 0 } ] },
		{ "id": 96,
		  "female": false,
		  "skill_set": [ { "skill": 22, "level": 1 },
		  			    { "skill": 10, "level": 1 } ],
		  "specialties": [ { "type":1, "val": 0, "subtype": 0, "info": 94 } ] },
		{ "id": 97,
		  "female": false,
		  "skill_set": [ { "skill": 22, "level": 1 },
		  			    { "skill": 20, "level": 1 } ],
		  "specialties": [ { "type":1, "val": 0, "subtype": 0, "info": 146 } ] },
		{ "id": 98,
		  "female": false,
		  "skill_set": [ { "skill": 22, "level": 1 },
		  			    { "skill": 1, "level": 1 } ],
		  "specialties": [ { "type":1, "val": 0, "subtype": 0, "info": 88 } ] },
		{ "id": 99,
		  "female": true,
		  "skill_set": [ { "skill": 22, "level": 1 },
		  			    { "skill": 3, "level": 1 } ],
		  "specialties": [ { "type":1, "val": 0, "subtype": 0, "info": 92 } ] },
		{ "id": 100,
		  "female": true,
		  "skill_set": [ { "skill": 22, "level": 1 },
		  			    { "skill": 0, "level": 1 } ] },
		{ "id": 101,
		  "female": false,
		  "skill_set": [ { "skill": 22, "level": 1 },
		  			    { "skill": 26, "level": 1 } ],
		  "specialties": [ { "type":1, "val": 0, "subtype": 0, "info": 84 } ] },
		{ "id": 102,
		  "female": false,
		  "skill_set": [ { "skill": 22, "level": 2 } ],
		  "specialties": [ { "type":1, "val": 0, "subtype": 0, "info": 90 } ] },
		{ "id": 103,
		  "female": false,
		  "skill_set": [ { "skill": 22, "level": 1 },
		  			    { "skill": 19, "level": 1 } ],
		  "specialties": [ { "type":2, "val": 5, "subtype": 22, "info": 0 } ] },
		{ "id": 104,
		  "spell": 43,
		  "female": true,
		  "skill_set": [ { "skill": 7, "level": 1 },
		  			    { "skill": 25, "level": 1 } ],
		  "specialties": [ { "type":1, "val": 0, "subtype": 0, "info": 86 } ] },
		{ "id": 105,
		  "female": false,
		  "spell": 15,
		  "skill_set": [ { "skill": 7, "level": 1 },
		  			    { "skill": 6, "level": 1 } ],
		  "specialties": [ { "type":2, "val": 5, "subtype": 25, "info": 0 } ] },
		{ "id": 106,
		  "female": true,
		  "spell": 46,
		  "skill_set": [ { "skill": 7, "level": 1 },
		  			    { "skill": 2, "level": 1 } ],
		  "specialties": [ { "type":1, "val": 0, "subtype": 0, "info": 90 } ] },
		{ "id": 107,
		  "female": false,
		  "spell": 53,
		  "skill_set": [ { "skill": 7, "level": 1 },
		  			    { "skill": 19, "level": 1 } ],
		  "specialties": [ { "type":2, "val": 5, "subtype": 2, "info": 0 } ] },
		{ "id": 108,
		  "female": false,
		  "spell": 44,
		  "skill_set": [ { "skill": 7, "level": 1 },
		  			    { "skill": 20, "level": 1 } ],
		  "specialties": [ { "type":8, "val": 0, "subtype": 53, "info": 0 } ] },
		{ "id": 109,
		  "spell": 54,
		  "female": true,
		  "skill_set": [ { "skill": 7, "level": 1 },
		  			    { "skill": 22, "level": 1 } ],
		  "specialties": [ { "type":8, "val": 0, "subtype": 44, "info": 0 } ] },
		{ "id": 110,
		  "female": true,
		  "spell": 30,
		  "skill_set": [ { "skill": 7, "level": 1 },
		  			    { "skill": 11, "level": 1 } ],
		  "specialties": [ { "type":2, "val": 5, "subtype": 25, "info": 0 } ] },
		{ "id": 111,
		  "female": false,
		  "spell": 43,
		  "skill_set": [ { "skill": 7, "level": 1 },
		  			    { "skill": 26, "level": 1 } ],
		  "specialties": [ { "type":2, "val": 5, "subtype": 11, "info": 1 } ] },
		{ "id": 112,
		  "female": false,
		  "skill_set": [ { "skill": 23, "level": 1 },
		  			    { "skill": 26, "level": 1 } ],
		  "specialties": [ { "type":10, "val": 1, "subtype": 5, "info": 0 } ] },
		{ "id": 113,
		  "female": false,
		  "skill_set": [ { "skill": 23, "level": 1 },
		  			    { "skill": 6, "level": 1 } ],
		  "specialties": [ { "type":1, "val": 0, "subtype": 0, "info": 106 } ] },
		{ "id": 114,
		  "female": false,
		  "skill_set": [ { "skill": 23, "level": 1 },
		  			    { "skill": 1, "level": 1 } ],
		  "specialties": [ { "type":1, "val": 0, "subtype": 0, "info": 98 } ] },
		{ "id": 115,
		  "female": false,
		  "skill_set": [ { "skill": 23, "level": 2 } ],
		  "specialties": [ { "type":1, "val": 0, "subtype": 0, "info": 100 } ] },
		{ "id": 116,
		  "female": false,
		  "skill_set": [ { "skill": 23, "level": 1 },
		  			    { "skill": 22, "level": 1 } ],
		  "specialties": [ { "type":2, "val": 5, "subtype": 23, "info": 0 } ] },
		{ "id": 117,
		  "female": false,
		  "skill_set": [ { "skill": 23, "level": 1 },
		  			    { "skill": 0, "level": 1 } ],
		  "specialties": [ { "type":1, "val": 0, "subtype": 0, "info": 102 } ] },
		{ "id": 118,
		  "female": false,
		  "skill_set": [ { "skill": 23, "level": 1 },
		  			    { "skill": 20, "level": 1 } ],
		  "specialties": [ { "type":1, "val": 0, "subtype": 0, "info": 104 } ] },
		{ "id": 119,
		  "female": false,
		  "skill_set": [ { "skill": 23, "level": 1 },
		  			    { "skill": 3, "level": 1 } ],
		  "specialties": [ { "type":1, "val": 0, "subtype": 0, "info": 146 } ] },
		{ "id": 120,
		  "spell": 45,
		  "female": true,
		  "skill_set": [ { "skill": 7, "level": 2 } ],
		  "specialties": [ { "type":1, "val": 0, "subtype": 0, "info": 108 } ] },
		{ "id": 121,
		  "female": true,
		  "spell": 15,
		  "skill_set": [ { "skill": 7, "level": 1 },
		  			    { "skill": 8, "level": 1 } ],
		  "specialties": [ { "type":2, "val": 5, "subtype": 8, "info": 1 } ] },
		{ "id": 122,
		  "female": true,
		  "spell": 54,
		  "skill_set": [ { "skill": 7, "level": 1 },
		  			    { "skill": 5, "level": 1 } ],
		  "specialties": [ { "type":2, "val": 2, "subtype": 5, "info": 1 } ] },
		{ "id": 123,
		  "female": true,
		  "spell": 31,
		  "skill_set": [ { "skill": 7, "level": 1 },
		  			    { "skill": 27, "level": 1 } ],
		  "specialties": [ { "type":2, "val": 5, "subtype": 27, "info": 1 } ] },
		{ "id": 124,
		  "female": true,
		  "spell": 46,
		  "skill_set": [ { "skill": 7, "level": 1 },
		  			    { "skill": 21, "level": 1 } ],
		  "specialties": [ { "type":8, "val": 0, "subtype": 46, "info": 0 } ] },
		{ "id": 125,
		  "female": true,
		  "spell": 27,
		  "skill_set": [ { "skill": 7, "level": 1 },
		  			    { "skill": 25, "level": 1 } ],
		  "specialties": [ { "type":2, "val": 5, "subtype": 25, "info": 0 } ] },
		{ "id": 126,
		  "female": true,
		  "spell": 35,
		  "skill_set": [ { "skill": 7, "level": 1 },
		  			    { "skill": 24, "level": 1 } ],
		  "specialties": [ { "type":2, "val": 5, "subtype": 24, "info": 0 } ] },
		{ "id": 127,
		  "female": true,
		  "spell": 46,
		  "skill_set": [ { "skill": 7, "level": 1 },
		  			    { "skill": 11, "level": 1 } ],
		  "specialties": [ { "type":2, "val": 5, "subtype": 11, "info": 1 } ] },
		{ "id": 128,
		  "female": true,
		  "skill_set": [ { "skill": 20, "level": 1 },
		  			    { "skill": 22, "level": 1 } ],
		  "specialties": [ { "type":4, "val": 3, "subtype": 1, "info": 120 },
		  				  { "type":4, "val": 3, "subtype": 2, "info": 120 } ] },
		{ "id": 129,
		  "female": true,
		  "skill_set": [ { "skill": 13, "level": 1 },
		  			    { "skill": 19, "level": 1 } ],
		  "specialties": [ { "type":4, "val": 2, "subtype": 1, "info": 113 },
		  				  { "type":4, "val": 1, "subtype": 2, "info": 113 },
						  	 { "type":4, "val": 5, "subtype": 4, "info": 113 } ] },
		{ "id": 130,
		  "female": true,
		  "skill_set": [ { "skill": 20, "level": 1 },
		  			    { "skill": 22, "level": 1 } ],
		  "specialties": [ { "type":4, "val": 1, "subtype": 1, "info": 114 },
		  				  { "type":4, "val": 2, "subtype": 1, "info": 114 },
						  	 { "type":4, "val": 2, "subtype": 3, "info": 114 } ] },
		{ "id": 131,
		  "female": true,
		  "skill_set": [ { "skill": 19, "level": 2 } ],
		  "specialties": [ { "type":4, "val": 2, "subtype": 1, "info": 115 } ] },
		{ "id": 132,
		  "female": false,
		  "skill_set": [ { "skill": 2, "level": 1 },
		  			    { "skill": 22, "level": 1 } ],
		  "specialties": [ { "type":4, "val": 3, "subtype": 1, "info": 120 },
		  				  { "type":4, "val": 3, "subtype": 2, "info": 120 } ] },
		{ "id": 133,
		  "female": false,
		  "skill_set": [ { "skill": 13, "level": 1 },
		  			    { "skill": 19, "level": 1 } ],
		  "specialties": [ { "type":4, "val": 2, "subtype": 1, "info": 113 },
		  				  { "type":4, "val": 1, "subtype": 2, "info": 113 },
						  	 { "type":4, "val": 5, "subtype": 4, "info": 113 } ] },
		{ "id": 134,
		  "female": false,
		  "skill_set": [ { "skill": 22, "level": 2 } ],
		  "specialties": [ { "type":4, "val": 1, "subtype": 1, "info": 114 },
		  				  { "type":4, "val": 2, "subtype": 1, "info": 114 },
						  	 { "type":4, "val": 2, "subtype": 3, "info": 114 } ] },
		{ "id": 135,
		  "female": false,
		  "skill_set": [ { "skill": 19, "level": 1 },
		  			    { "skill": 21, "level": 1 } ],
		  "specialties": [ { "type":4, "val": 2, "subtype": 1, "info": 115 } ] },
		{ "id": 136,
		  "spell": 13,
		  "female": true,
		  "skill_set": [ { "skill": 7, "level": 1 },
		  			    { "skill": 14, "level": 1 } ],
		  "specialties": [ { "type":5, "val": 100, "subtype": 13, "info": 0 } ] },
		{ "id": 137,
		  "female": true,
		  "spell": 53,
		  "skill_set": [ { "skill": 7, "level": 1 },
		  			    { "skill": 15, "level": 1 } ],
		  "specialties": [ { "type":8, "val": 0, "subtype": 53, "info": 0 } ] },
		{ "id": 138,
		  "female": true,
		  "spell": 15,
		  "skill_set": [ { "skill": 7, "level": 1 },
		  			    { "skill": 16, "level": 1 } ],
		  "specialties": [ { "type":5, "val": 50, "subtype": 15, "info": 0 } ] },
		{ "id": 139,
		  "female": true,
		  "spell": 46,
		  "skill_set": [ { "skill": 7, "level": 1 },
		  			    { "skill": 17, "level": 1 } ],
		  "specialties": [ { "type":8, "val": 0, "subtype": 46, "info": 0 } ] },
		{ "id": 140,
		  "female": false,
		  "spell": 43,
		  "skill_set": [ { "skill": 7, "level": 1 },
		  			    { "skill": 14, "level": 1 } ],
		  "specialties": [ { "type":8, "val": 0, "subtype": 43, "info": 0 } ] },
		{ "id": 141,
		  "female": false,
		  "spell": 47,
		  "skill_set": [ { "skill": 7, "level": 1 },
		  			    { "skill": 15, "level": 1 } ],
		  "specialties": [ { "type":8, "val": 0, "subtype": 47, "info": 0 } ] },
		{ "id": 142,
		  "female": false,
		  "spell": 35,
		  "skill_set": [ { "skill": 7, "level": 1 },
		  			    { "skill": 16, "level": 1 } ],
		  "specialties": [ { "type":10, "val": 350, "subtype": 6, "info": 0 } ] },
		{ "id": 143,
		  "female": false,
		  "spell": 54,
		  "skill_set": [ { "skill": 7, "level": 1 },
		  			    { "skill": 17, "level": 1 } ],
		  "specialties": [ { "type":10, "val": 350, "subtype": 6, "info": 0 } ] },
		{ "id": 144,
		  "female": false,
		  "skill_set": [ { "skill": 6, "level": 2 } ],
		  "specialties": [ { "type":12, "val": 2, "subtype": 0, "info": 0 } ] },
		{ "id": 145,
		  "female": true,
		  "spell": 22,
		  "skill_set": [ { "skill": 7, "level": 1 },
		  			    { "skill": 14, "level": 3 } ],
		  "specialties": [ { "type":11, "val": 14, "subtype": 0, "info": 0 } ] },
		{ "id": 146,
		  "female": true,
		  "skill_set": [ { "skill": 6, "level": 1 },
		  			    { "skill": 22, "level": 1 } ],
		  "specialties": [ { "type":1, "val": 0, "subtype": 0, "info": 4 } ] },
		{ "id": 147,
		  "female": false,
		  "spell": 53,
		  "skill_set": [ { "skill": 7, "level": 2 } ],
		  "specialties": [ { "type":9, "val": 0, "subtype": 8, "info": 136 },
		  				  { "type":9, "val": 0, "subtype": 34, "info": 136 } ] },
		{ "id": 148,
		  "female": false,
		  "skill_set": [ { "skill": 1, "level": 1 },
		  			    { "skill": 6, "level": 1 } ],
		  "specialties": [ { "type":9, "val": 0, "subtype": 2, "info": 137 },
		  				  { "type":9, "val": 0, "subtype": 18, "info": 137 } ] },
		{ "id": 149,
		  "female": false,
		  "skill_set": [ { "skill": 22, "level": 2 } ],
		  "specialties": [ { "type":4, "val": 5, "subtype": 1, "info": 96 },
		  				  { "type":4, "val": 5, "subtype": 2, "info": 96 },
						  	 { "type":4, "val": 10, "subtype": 3, "info": 96 } ] },
		{ "id": 150,
		  "female": false,
		  "spell": 54,
		  "skill_set": [ { "skill": 12, "level": 2 } ],
		  "specialties": [ { "type":4, "val": 5, "subtype": 1, "info": 66 },
		  				  { "type":4, "val": 5, "subtype": 2, "info": 66 },
						  	 { "type":4, "val": 10, "subtype": 3, "info": 66 } ] },
		{ "id": 151,
		  "female": true,
		  "spell": 15,
		  "skill_set": [ { "skill": 13, "level": 1 },
		  			    { "skill": 19, "level": 1 } ],
		  "specialties": [ { "type":13, "val": 5, "subtype": 1, "info": 0 },
		  				  { "type":13, "val": 5, "subtype": 2, "info": 0 } ] },
		{ "id": 152,
		  "female": false,
		  "skill_set": [ { "skill": 6, "level": 1 },
		  			    { "skill": 23, "level": 1 } ],
		  "specialties": [ { "type":1, "val": 0, "subtype": 0, "info": 4 } ] },
		{ "id": 153,
		  "female": true,
		  "spell": 15,
		  "skill_set": [ { "skill": 13, "level": 1 },
		  			    { "skill": 19, "level": 1 } ],
		  "specialties": [ { "type":13, "val": 1, "subtype": 1, "info": 5 },
		  				  { "type":13, "val": 1, "subtype": 1, "info": 5 } ] },
		{ "id": 154,
		  "female": false,
		  "skill_set": [ { "skill": 19, "level": 1 },
		  			    { "skill": 22, "level": 1 } ],
		  "specialties": [ { "type":1, "val": 0, "subtype": 0, "info": 90 } ] },
		{ "id": 155,
		  "female": false,
		  "skill_set": [ { "skill": 6, "level": 1 },
		  			    { "skill": 19, "level": 1 } ],
		  "specialties": [ { "type":4, "val": 4, "subtype": 1, "info": 54 },
		  				  { "type":4, "val": 2, "subtype": 2, "info": 54 },
						  	 { "type":4, "val": 1, "subtype": 5, "info": 54 } ] }
	]
}
