{
	// Battle obstacles
	// id:
	// defname: graphics
	// blockmap: X - blocked, N - not blocked, L - description goes to the next line, starting with the left bottom hex
	// terrains: bitmap of allowed terrains - 
	// 			 		1. sand/shore   2. sand/mesas   3. dirt/birches   4. dirt/hills   5. dirt/pines   6. grass/hills   
	//					7. grass/pines   8. lava   9. magic plains   10. snow/mountains   11. snow/trees   12. subterranean
	//					13. swamp/trees  14. fiery fields   15. rock lands   16. magic clouds   17. lucid pools
	//					18. holy ground   19. clover field  20. evil fog   21. "favourable winds" text on magic plains background
	// 					22. cursed ground   23. rough  24. ship to ship   25. ship
	// shift_x, shift_y: shift of obstacle's position in the battlefield <x shift, y shift>,
	// 					eg. if it's <-1, 2> obstacle will be printed one pixel to the left and two to the bottom]

	"obstacles": [
		{ "id": 5, "defname": "OBBDT01.DEF", "blockmap": "LNXXX", "terrains": "1111110000000000000000100", "shift_x": -8, "shift_y": 0 },
		{ "id": 56, "defname": "OBBHS02.DEF", "blockmap": "XXLNX", "terrains": "1100000000000000000000100", "shift_x": -8, "shift_y": 0 },
		{ "id": 57, "defname": "OBBHS03.DEF", "blockmap": "LXXX", "terrains": "1111100000000000000000100", "shift_x": -8, "shift_y": 0 },
		{ "id": 91, "defname": "OBBHS04.DEF", "blockmap": "XXLNXX", "terrains": "1100000000000000000000000", "shift_x": -40, "shift_y": -20 },
		{ "id": 58, "defname": "OBBHS11A.DEF", "blockmap": "XXXLNXXX", "terrains": "1100000000000000000000000", "shift_x": -8, "shift_y": 0 },
		{ "id": 59, "defname": "OBBHS12B.DEF", "blockmap": "NXXLNXX", "terrains": "1100000000000000000000000", "shift_x": -8, "shift_y": 0 },
		{ "id": 60, "defname": "OBBHS14B.DEF", "blockmap": "NXLNXX", "terrains": "1111100000000000000000100", "shift_x": 36, "shift_y": 0 },
		{ "id": 92, "defname": "OBBHS16A.DEF", "blockmap": "XLNXX", "terrains": "1100000000000000000000000", "shift_x": -8, "shift_y": -28 },
		{ "id": 55, "defname": "OBBTS04.DEF", "blockmap": "XLXX", "terrains": "0000000000000000000000011", "shift_x": -30, "shift_y": -1 },
		{ "id": 71, "defname": "OBCFS00.DEF", "blockmap": "X", "terrains": "0000000000000000001000000", "shift_x": 14, "shift_y": 0 },
		{ "id": 72, "defname": "OBCFS01.DEF", "blockmap": "XX", "terrains": "0000000000000000001000000", "shift_x": 14, "shift_y": 0 },
		{ "id": 73, "defname": "OBCFS02.DEF", "blockmap": "XXLNXX", "terrains": "0000000000000000001000000", "shift_x": -8, "shift_y": 0 },
		{ "id": 74, "defname": "OBCFS03.DEF", "blockmap": "NXXLNXX", "terrains": "0000000000000000001000000", "shift_x": -8, "shift_y": 0 },
		{ "id": 0, "defname": "OBDINO1.DEF", "blockmap": "XX", "terrains": "1111110000000000000000100", "shift_x": 14, "shift_y": 0 },
		{ "id": 2, "defname": "OBDINO2.DEF", "blockmap": "LXXX", "terrains": "1111110000000000000000100", "shift_x": -8, "shift_y": 0 },
		{ "id": 1, "defname": "OBDINO3.DEF", "blockmap": "XXXLXX", "terrains": "1111110000000000000000100", "shift_x": -8, "shift_y": 0 },
		{ "id": 6, "defname": "OBDRK01.DEF", "blockmap": "XX", "terrains": "1111110000000000000000100", "shift_x": -8, "shift_y": 0 },
		{ "id": 7, "defname": "OBDRK02.DEF", "blockmap": "LXX", "terrains": "1111110000000000000000100", "shift_x": -8, "shift_y": 0 },
		{ "id": 8, "defname": "OBDRK03.DEF", "blockmap": "X", "terrains": "1111110000000000000000100", "shift_x": -8, "shift_y": -8 },
		{ "id": 9, "defname": "OBDRK04.DEF", "blockmap": "LXX", "terrains": "1111110000000000000000100", "shift_x": -8, "shift_y": 0 },
		{ "id": 10, "defname": "OBDSH01.DEF", "blockmap": "LXX", "terrains": "1111110000000000000000100", "shift_x": -8, "shift_y": 0 },
		{ "id": 93, "defname": "OBDSM01.DEF", "blockmap": "NNXXXLNNXXXLNNXX", "terrains": "1100000000000000000000000", "shift_x": 36, "shift_y": 0 },
		{ "id": 17, "defname": "OBDSM02.DEF", "blockmap": "XXLNX", "terrains": "1111100000000000000000100", "shift_x": -9, "shift_y": -2 },
		{ "id": 18, "defname": "OBDSS17.DEF", "blockmap": "XXLNXXX", "terrains": "1111100000000000000000100", "shift_x": -8, "shift_y": 0 },
		{ "id": 11, "defname": "OBDTF03.DEF", "blockmap": "XX", "terrains": "1111100000000000000001100", "shift_x": 14, "shift_y": 0 },
		{ "id": 12, "defname": "OBDTS03.DEF", "blockmap": "LLNXXXX", "terrains": "1111100000000000000001100", "shift_x": 14, "shift_y": 0 },
		{ "id": 13, "defname": "OBDTS04.DEF", "blockmap": "LNXX", "terrains": "1111100000000000000001100", "shift_x": -8, "shift_y": 0 },
		{ "id": 14, "defname": "OBDTS14.DEF", "blockmap": "XXLNNX", "terrains": "1111100000000000000001100", "shift_x": -8, "shift_y": 0 },
		{ "id": 15, "defname": "OBDTS15.DEF", "blockmap": "XLXLNX", "terrains": "1111100000000000000001100", "shift_x": -30, "shift_y": 0 },
		{ "id": 66, "defname": "OBEFS00.DEF", "blockmap": "X", "terrains": "0000000000000000000100000", "shift_x": 14, "shift_y": 0 },
		{ "id": 67, "defname": "OBEFS01.DEF", "blockmap": "XX", "terrains": "0000000000000000000100000", "shift_x": 14, "shift_y": 0 },
		{ "id": 68, "defname": "OBEFS02.DEF", "blockmap": "NXLXXX", "terrains": "0000000000000000000100000", "shift_x": -8, "shift_y": 0 },
		{ "id": 69, "defname": "OBEFS03.DEF", "blockmap": "LNXX", "terrains": "0000000000000000000100000", "shift_x": 0, "shift_y": 0 },
		{ "id": 70, "defname": "OBEFS04.DEF", "blockmap": "NNXXXLNXXX", "terrains": "0000000000000000000100000", "shift_x": -8, "shift_y": 0 },
		{ "id": 79, "defname": "OBFFS00.DEF", "blockmap": "X", "terrains": "0000000000000100000000000", "shift_x": 14, "shift_y": 0 },
		{ "id": 80, "defname": "OBFFS01.DEF", "blockmap": "XX", "terrains": "0000000000000100000000000", "shift_x": 14, "shift_y": 0 },
		{ "id": 81, "defname": "OBFFS02.DEF", "blockmap": "NXLXXX", "terrains": "0000000000000100000000000", "shift_x": -8, "shift_y": 0 },
		{ "id": 82, "defname": "OBFFS03.DEF", "blockmap": "XXLNXXX", "terrains": "0000000000000100000000000", "shift_x": -8, "shift_y": 0 },
		{ "id": 83, "defname": "OBFFS04.DEF", "blockmap": "XXXLXXXX", "terrains": "0000000000000100000000000", "shift_x": -8, "shift_y": -42 },
		{ "id": 19, "defname": "OBGLG01.DEF", "blockmap": "XX", "terrains": "0000000000001000000000000", "shift_x": -8, "shift_y": 0 },
		{ "id": 94, "defname": "OBGRK01.DEF", "blockmap": "XX", "terrains": "0000000000001000000000000", "shift_x": 14, "shift_y": -42 },
		{ "id": 23, "defname": "OBGRK02.DEF", "blockmap": "XX", "terrains": "0000000000001000000000000", "shift_x": 14, "shift_y": 0 },
		{ "id": 20, "defname": "OBGRS02.DEF", "blockmap": "NXX", "terrains": "0000000000001000000000000", "shift_x": 14, "shift_y": 0 },
		{ "id": 22, "defname": "OBGRS01.DEF", "blockmap": "XXXXLNXXXX", "terrains": "0000011010001000000000000", "shift_x": -8, "shift_y": 0 },
		{ "id": 35, "defname": "OBGRS03.DEF", "blockmap": "XXXXXXX", "terrains": "1111111010000000000000100", "shift_x": 0, "shift_y": 0 },
		{ "id": 21, "defname": "OBGST01.DEF", "blockmap": "X", "terrains": "1111111010000000000000100", "shift_x": 14, "shift_y": 0 },
		{ "id": 61, "defname": "OBHGS00.DEF", "blockmap": "X", "terrains": "0000000000000000010000000", "shift_x": 14, "shift_y": 0 },
		{ "id": 62, "defname": "OBHGS01.DEF", "blockmap": "XX", "terrains": "0000000000000000010000000", "shift_x": 14, "shift_y": 0 },
		{ "id": 63, "defname": "OBHGS02.DEF", "blockmap": "X", "terrains": "0000000000000000010000000", "shift_x": -30, "shift_y": -84 },
		{ "id": 64, "defname": "OBHGS03.DEF", "blockmap": "XXX", "terrains": "0000000000000000010000000", "shift_x": 14, "shift_y": -42 },
		{ "id": 65, "defname": "OBHGS04.DEF", "blockmap": "XXXX", "terrains": "0000000000000000010000000", "shift_x": 14, "shift_y": -84 },
		{ "id": 75, "defname": "OBLPS00.DEF", "blockmap": "X", "terrains": "0000000000000000100000000", "shift_x": 14, "shift_y": 0 },
		{ "id": 76, "defname": "OBLPS01.DEF", "blockmap": "XX", "terrains": "0000000000000000100000000", "shift_x": 14, "shift_y": 0 },
		{ "id": 77, "defname": "OBLPS02.DEF", "blockmap": "NXXLNX", "terrains": "0000000000000000100000000", "shift_x": 36, "shift_y": 0 },
		{ "id": 78, "defname": "OBLPS03.DEF", "blockmap": "XXXXLNXXXX", "terrains": "0000000000000000100000000", "shift_x": -8, "shift_y": 0 },
		{ "id": 48, "defname": "OBLVS01.DEF", "blockmap": "XXLNNX", "terrains": "0000000100000000000000000", "shift_x": -8, "shift_y": 0 },
		{ "id": 49, "defname": "OBLVS02.DEF", "blockmap": "XXXLXXX", "terrains": "0000000100000000000000000", "shift_x": -8, "shift_y": 0 },
		{ "id": 50, "defname": "OBLVS03.DEF", "blockmap": "XXXXLNXXX", "terrains": "0000000100000000000000000", "shift_x": -30, "shift_y": 0 },
		{ "id": 51, "defname": "OBLVS04.DEF", "blockmap": "XXX", "terrains": "0000000100000000000000000", "shift_x": 14, "shift_y": -42 },
		{ "id": 52, "defname": "OBLVS09.DEF", "blockmap": "XXLNXXLNNXX", "terrains": "0000000100000000000000000", "shift_x": -8, "shift_y": 0 },
		{ "id": 53, "defname": "OBLVS17.DEF", "blockmap": "NNXLXXXX", "terrains": "0000000100000000000000000", "shift_x": -30, "shift_y": 0 },
		{ "id": 54, "defname": "OBLVS22.DEF", "blockmap": "XXXLXXXX", "terrains": "0000000100000000000000000", "shift_x": -30, "shift_y": 0 },
		{ "id": 88, "defname": "OBMCS00.DEF", "blockmap": "X", "terrains": "0000000000000001000000000", "shift_x": 14, "shift_y": 0 },
		{ "id": 89, "defname": "OBMCS01.DEF", "blockmap": "XLNX", "terrains": "0000000000000001000000000", "shift_x": -8, "shift_y": 0 },
		{ "id": 90, "defname": "OBMCS02.DEF", "blockmap": "NXXLXX", "terrains": "0000000000000001000000000", "shift_x": -8, "shift_y": 0 },
		{ "id": 41, "defname": "OBRGS01.DEF", "blockmap": "XLXX", "terrains": "1111100000000000000001100", "shift_x": -8, "shift_y": 0 },
		{ "id": 40, "defname": "OBRGS02.DEF", "blockmap": "NXXLNXXX", "terrains": "1111100000000000000001100", "shift_x": 14, "shift_y": 0 },
		{ "id": 42, "defname": "OBRGS03.DEF", "blockmap": "XXLNX", "terrains": "1111100000000000000001100", "shift_x": -8, "shift_y": 0 },
		{ "id": 43, "defname": "OBRGS04.DEF", "blockmap": "XXLX", "terrains": "1111100000000000000001100", "shift_x": -30, "shift_y": 0 },
		{ "id": 44, "defname": "OBRGS05.DEF", "blockmap": "NXLXX", "terrains": "1111100000000000000001100", "shift_x": -30, "shift_y": 0 },
		{ "id": 16, "defname": "OBRGS06.DEF", "blockmap": "NXXXXXXLNNNNNNNXLNNNNNNNNX", "terrains": "1111100000000000000001100", "shift_x": -30, "shift_y": -30 },
		{ "id": 84, "defname": "OBRLS00.DEF", "blockmap": "X", "terrains": "0000000000000010000000000", "shift_x": 14, "shift_y": 0 },
		{ "id": 85, "defname": "OBRLS01.DEF", "blockmap": "XX", "terrains": "0000000000000010000000000", "shift_x": 14, "shift_y": 0 },
		{ "id": 86, "defname": "OBRLS02.DEF", "blockmap": "XXX", "terrains": "0000000000000010000000000", "shift_x": 14, "shift_y": 0 },
		{ "id": 87, "defname": "OBRLS03.DEF", "blockmap": "XLNXX", "terrains": "0000000000000010000000000", "shift_x": -8, "shift_y": 0 },
		{ "id": 4, "defname": "OBSKEL1.DEF", "blockmap": "XX", "terrains": "1111110000000000000001100", "shift_x": 14, "shift_y": 0 },
		{ "id": 3, "defname": "OBSKEL2.DEF", "blockmap": "XX", "terrains": "1111110000000000000001100", "shift_x": 14, "shift_y": 0 },
		{ "id": 24, "defname": "OBSNS01.DEF", "blockmap": "XXX", "terrains": "0000000001100000000000000", "shift_x": 14, "shift_y": 0 },
		{ "id": 25, "defname": "OBSNS02.DEF", "blockmap": "NXXXX", "terrains": "0000000001100000000000000", "shift_x": 14, "shift_y": 0 },
		{ "id": 26, "defname": "OBSNS03.DEF", "blockmap": "XLXLX", "terrains": "0000000001100000000000000", "shift_x": -30, "shift_y": 0 },
		{ "id": 27, "defname": "OBSNS04.DEF", "blockmap": "XXX", "terrains": "0000000001100000000000000", "shift_x": 14, "shift_y": 0 },
		{ "id": 28, "defname": "OBSNS05.DEF", "blockmap": "X", "terrains": "0000000001100000000000000", "shift_x": -30, "shift_y": 0 },
		{ "id": 29, "defname": "OBSNS06.DEF", "blockmap": "LNXX", "terrains": "0000000001100000000000000", "shift_x": -8, "shift_y": 0 },
		{ "id": 30, "defname": "OBSNS07.DEF", "blockmap": "XX", "terrains": "0000000001100000000000000", "shift_x": 14, "shift_y": 0 },
		{ "id": 31, "defname": "OBSNS08.DEF", "blockmap": "LNXXX", "terrains": "0000000001100000000000000", "shift_x": 36, "shift_y": 0 },
		{ "id": 32, "defname": "OBSNS09.DEF", "blockmap": "XXXXLNNXXXX", "terrains": "0000000001100000000000000", "shift_x": -8, "shift_y": 0 },
		{ "id": 33, "defname": "OBSNS10.DEF", "blockmap": "XXLNXLNXXLNNXXX", "terrains": "0000000001100000000000000", "shift_x": -30, "shift_y": -30 },
		{ "id": 45, "defname": "OBSUS01.DEF", "blockmap": "XXLXXX", "terrains": "0000000000010000000000000", "shift_x": -8, "shift_y": -42 },
		{ "id": 46, "defname": "OBSUS02.DEF", "blockmap": "XXX", "terrains": "0000000000010000000000000", "shift_x": 14, "shift_y": -42 },
		{ "id": 47, "defname": "OBSUS11B.DEF", "blockmap": "XXXLXXXX", "terrains": "0000000000010000000000000", "shift_x": -9, "shift_y": -43 },
		{ "id": 34, "defname": "OBSWS01.DEF", "blockmap": "LNX", "terrains": "0000000000001000000000000", "shift_x": 36, "shift_y": 0 },
		{ "id": 95, "defname": "OBSWS02.DEF", "blockmap": "XXXXXXX", "terrains": "0000000000001000000000000", "shift_x": -8, "shift_y": -42 },
		{ "id": 36, "defname": "OBSWS03.DEF", "blockmap": "XX", "terrains": "0000000000001000000000000", "shift_x": 14, "shift_y": 0 },
		{ "id": 37, "defname": "OBSWS04.DEF", "blockmap": "XXX", "terrains": "0000000000001000000000000", "shift_x": 14, "shift_y": 0 },
		{ "id": 38, "defname": "OBSWS11B.DEF", "blockmap": "XXXXLXXXX", "terrains": "0000000000001000000000000", "shift_x": -30, "shift_y": -40 },
		{ "id": 39, "defname": "OBSWS13A.DEF", "blockmap": "XXXXLXX", "terrains": "0000000000001000000000000", "shift_x": 14, "shift_y": 0 }
	]
}
