{
	// Description of puzzle's pieces positions and order of discovering.
	"puzzles": [
		[
			//Castle
			{ "x": 7, "y": 8, "order": 39 },
			{ "x": 7, "y": 30, "order": 41 },
			{ "x": 7, "y": 102, "order": 1 },
			{ "x": 7, "y": 156, "order": 23 },
			{ "x": 7, "y": 202, "order": 6 },
			{ "x": 7, "y": 320, "order": 13 },
			{ "x": 16, "y": 8, "order": 39 },
			{ "x": 22, "y": 406, "order": 2 },
			{ "x": 70, "y": 301, "order": 22 },
			{ "x": 72, "y": 194, "order": 11 },
			{ "x": 101, "y": 332, "order": 8 },
			{ "x": 106, "y": 8, "order": 9 },
			{ "x": 106, "y": 31, "order": 29 },
			{ "x": 114, "y": 60, "order": 7 },
			{ "x": 126, "y": 329, "order": 17 },
			{ "x": 128, "y": 191, "order": 21 },
			{ "x": 152, "y": 347, "order": 27 },
			{ "x": 154, "y": 239, "order": 31 },
			{ "x": 157, "y": 429, "order": 34 },
			{ "x": 166, "y": 470, "order": 4 },
			{ "x": 185, "y": 127, "order": 30 },
			{ "x": 212, "y": 335, "order": 36 },
			{ "x": 214, "y": 191, "order": 48 },
			{ "x": 217, "y": 226, "order": 43 },
			{ "x": 235, "y": 147, "order": 35 },
			{ "x": 245, "y": 77, "order": 16 },
			{ "x": 266, "y": 384, "order": 42 },
			{ "x": 288, "y": 288, "order": 45 },
			{ "x": 298, "y": 8, "order": 26 },
			{ "x": 321, "y": 177, "order": 46 },
			{ "x": 346, "y": 67, "order": 38 },
			{ "x": 354, "y": 459, "order": 20 },
			{ "x": 355, "y": 397, "order": 25 },
			{ "x": 375, "y": 162, "order": 28 },
			{ "x": 382, "y": 255, "order": 32 },
			{ "x": 408, "y": 32, "order": 37 },
			{ "x": 408, "y": 111, "order": 14 },
			{ "x": 421, "y": 147, "order": 19 },
			{ "x": 422, "y": 466, "order": 12 },
			{ "x": 426, "y": 8, "order": 15 },
			{ "x": 436, "y": 238, "order": 24 },
			{ "x": 458, "y": 336, "order": 44 },
			{ "x": 486, "y": 8, "order": 40 },
			{ "x": 487, "y": 144, "order": 33 },
			{ "x": 517, "y": 145, "order": 18 },
			{ "x": 520, "y": 68, "order": 5 },
			{ "x": 524, "y": 234, "order": 10 },
			{ "x": 525, "y": 327, "order": 3 }
		],

		[
			//Rampart
			{ "x": 7, "y": 8, "order": 2 },
			{ "x": 7, "y": 101, "order": 13 },
			{ "x": 7, "y": 195, "order": 20 },
			{ "x": 7, "y": 310, "order": 6 },
			{ "x": 7, "y": 378, "order": 22 },
			{ "x": 7, "y": 449, "order": 21 },
			{ "x": 61, "y": 8, "order": 19 },
			{ "x": 97, "y": 42, "order": 8 },
			{ "x": 98, "y": 201, "order": 24 },
			{ "x": 108, "y": 308, "order": 36 },
			{ "x": 115, "y": 461, "order": 1 },
			{ "x": 129, "y": 366, "order": 7 },
			{ "x": 134, "y": 8, "order": 4 },
			{ "x": 157, "y": 188, "order": 25 },
			{ "x": 160, "y": 309, "order": 39 },
			{ "x": 162, "y": 441, "order": 11 },
			{ "x": 164, "y": 126, "order": 28 },
			{ "x": 174, "y": 390, "order": 33 },
			{ "x": 178, "y": 188, "order": 46 },
			{ "x": 187, "y": 258, "order": 41 },
			{ "x": 190, "y": 24, "order": 38 },
			{ "x": 215, "y": 272, "order": 45 },
			{ "x": 255, "y": 443, "order": 9 },
			{ "x": 265, "y": 323, "order": 40 },
			{ "x": 277, "y": 45, "order": 47 },
			{ "x": 278, "y": 383, "order": 27 },
			{ "x": 292, "y": 196, "order": 43 },
			{ "x": 294, "y": 266, "order": 48 },
			{ "x": 310, "y": 8, "order": 17 },
			{ "x": 330, "y": 493, "order": 16 },
			{ "x": 339, "y": 8, "order": 12 },
			{ "x": 339, "y": 167, "order": 29 },
			{ "x": 344, "y": 108, "order": 35 },
			{ "x": 361, "y": 239, "order": 31 },
			{ "x": 363, "y": 385, "order": 44 },
			{ "x": 398, "y": 310, "order": 42 },
			{ "x": 400, "y": 130, "order": 23 },
			{ "x": 404, "y": 436, "order": 32 },
			{ "x": 421, "y": 127, "order": 26 },
			{ "x": 429, "y": 8, "order": 37 },
			{ "x": 430, "y": 106, "order": 30 },
			{ "x": 462, "y": 393, "order": 14 },
			{ "x": 469, "y": 270, "order": 10 },
			{ "x": 486, "y": 8, "order": 3 },
			{ "x": 499, "y": 481, "order": 15 },
			{ "x": 511, "y": 255, "order": 34 },
			{ "x": 516, "y": 48, "order": 18 },
			{ "x": 525, "y": 169, "order": 5 }
		],

		[
			//Tower
			{ "x": 7, "y": 8, "order": 1 },
			{ "x": 7, "y": 52, "order": 13 },
			{ "x": 7, "y": 243, "order": 8 },
			{ "x": 7, "y": 486, "order": 22 },
			{ "x": 26, "y": 391, "order": 7 },
			{ "x": 27, "y": 31, "order": 23 },
			{ "x": 27, "y": 89, "order": 31 },
			{ "x": 28, "y": 303, "order": 20 },
			{ "x": 28, "y": 336, "order": 25 },
			{ "x": 37, "y": 234, "order": 33 },
			{ "x": 59, "y": 77, "order": 6 },
			{ "x": 76, "y": 462, "order": 15 },
			{ "x": 91, "y": 245, "order": 34 },
			{ "x": 114, "y": 31, "order": 19 },
			{ "x": 118, "y": 323, "order": 42 },
			{ "x": 132, "y": 87, "order": 36 },
			{ "x": 163, "y": 370, "order": 40 },
			{ "x": 171, "y": 255, "order": 21 },
			{ "x": 192, "y": 8, "order": 28 },
			{ "x": 212, "y": 483, "order": 38 },
			{ "x": 228, "y": 95, "order": 44 },
			{ "x": 231, "y": 205, "order": 46 },
			{ "x": 293, "y": 380, "order": 10 },
			{ "x": 297, "y": 190, "order": 43 },
			{ "x": 297, "y": 260, "order": 48 },
			{ "x": 298, "y": 8, "order": 17 },
			{ "x": 298, "y": 89, "order": 35 },
			{ "x": 312, "y": 462, "order": 29 },
			{ "x": 320, "y": 261, "order": 45 },
			{ "x": 340, "y": 17, "order": 37 },
			{ "x": 350, "y": 121, "order": 12 },
			{ "x": 350, "y": 174, "order": 41 },
			{ "x": 355, "y": 371, "order": 27 },
			{ "x": 357, "y": 469, "order": 3 },
			{ "x": 376, "y": 289, "order": 11 },
			{ "x": 388, "y": 8, "order": 4 },
			{ "x": 407, "y": 45, "order": 47 },
			{ "x": 421, "y": 284, "order": 30 },
			{ "x": 436, "y": 159, "order": 39 },
			{ "x": 445, "y": 8, "order": 18 },
			{ "x": 445, "y": 211, "order": 26 },
			{ "x": 463, "y": 422, "order": 24 },
			{ "x": 477, "y": 29, "order": 2 },
			{ "x": 497, "y": 153, "order": 5 },
			{ "x": 499, "y": 108, "order": 14 },
			{ "x": 503, "y": 281, "order": 16 },
			{ "x": 537, "y": 418, "order": 9 },
			{ "x": 556, "y": 215, "order": 32 }
		],

		[
			//Inferno
			{ "x": 7, "y": 8, "order": 30 },
			{ "x": 7, "y": 16, "order": 2 },
			{ "x": 7, "y": 95, "order": 12 },
			{ "x": 7, "y": 271, "order": 27 },
			{ "x": 7, "y": 308, "order": 8 },
			{ "x": 7, "y": 464, "order": 1 },
			{ "x": 16, "y": 164, "order": 26 },
			{ "x": 41, "y": 378, "order": 39 },
			{ "x": 50, "y": 471, "order": 13 },
			{ "x": 51, "y": 101, "order": 17 },
			{ "x": 80, "y": 260, "order": 35 },
			{ "x": 81, "y": 48, "order": 4 },
			{ "x": 91, "y": 143, "order": 47 },
			{ "x": 115, "y": 8, "order": 25 },
			{ "x": 141, "y": 360, "order": 28 },
			{ "x": 153, "y": 269, "order": 41 },
			{ "x": 164, "y": 55, "order": 44 },
			{ "x": 173, "y": 101, "order": 36 },
			{ "x": 173, "y": 492, "order": 6 },
			{ "x": 187, "y": 160, "order": 48 },
			{ "x": 194, "y": 388, "order": 19 },
			{ "x": 200, "y": 373, "order": 20 },
			{ "x": 204, "y": 282, "order": 45 },
			{ "x": 239, "y": 469, "order": 11 },
			{ "x": 240, "y": 8, "order": 32 },
			{ "x": 271, "y": 163, "order": 43 },
			{ "x": 276, "y": 255, "order": 46 },
			{ "x": 296, "y": 428, "order": 3 },
			{ "x": 297, "y": 281, "order": 16 },
			{ "x": 306, "y": 8, "order": 10 },
			{ "x": 317, "y": 17, "order": 15 },
			{ "x": 327, "y": 84, "order": 29 },
			{ "x": 348, "y": 142, "order": 40 },
			{ "x": 348, "y": 342, "order": 21 },
			{ "x": 370, "y": 405, "order": 22 },
			{ "x": 401, "y": 103, "order": 18 },
			{ "x": 407, "y": 40, "order": 31 },
			{ "x": 421, "y": 508, "order": 7 },
			{ "x": 453, "y": 215, "order": 33 },
			{ "x": 455, "y": 377, "order": 34 },
			{ "x": 460, "y": 170, "order": 38 },
			{ "x": 475, "y": 319, "order": 42 },
			{ "x": 488, "y": 412, "order": 37 },
			{ "x": 504, "y": 8, "order": 24 },
			{ "x": 515, "y": 67, "order": 5 },
			{ "x": 517, "y": 211, "order": 14 },
			{ "x": 532, "y": 305, "order": 23 },
			{ "x": 556, "y": 335, "order": 9 }
		],

		[
			//Necropolis
			{ "x": 7, "y": 8, "order": 22 },
			{ "x": 7, "y": 188, "order": 1 },
			{ "x": 7, "y": 329, "order": 20 },
			{ "x": 7, "y": 403, "order": 24 },
			{ "x": 8, "y": 8, "order": 47 },
			{ "x": 14, "y": 138, "order": 30 },
			{ "x": 15, "y": 8, "order": 9 },
			{ "x": 34, "y": 374, "order": 31 },
			{ "x": 55, "y": 82, "order": 25 },
			{ "x": 55, "y": 150, "order": 38 },
			{ "x": 57, "y": 281, "order": 8 },
			{ "x": 94, "y": 188, "order": 36 },
			{ "x": 108, "y": 344, "order": 6 },
			{ "x": 119, "y": 424, "order": 13 },
			{ "x": 124, "y": 256, "order": 37 },
			{ "x": 131, "y": 8, "order": 7 },
			{ "x": 139, "y": 92, "order": 11 },
			{ "x": 145, "y": 371, "order": 29 },
			{ "x": 148, "y": 42, "order": 21 },
			{ "x": 175, "y": 200, "order": 44 },
			{ "x": 200, "y": 291, "order": 45 },
			{ "x": 201, "y": 66, "order": 42 },
			{ "x": 210, "y": 482, "order": 18 },
			{ "x": 247, "y": 98, "order": 28 },
			{ "x": 250, "y": 227, "order": 48 },
			{ "x": 262, "y": 8, "order": 15 },
			{ "x": 293, "y": 373, "order": 32 },
			{ "x": 303, "y": 286, "order": 46 },
			{ "x": 318, "y": 173, "order": 43 },
			{ "x": 345, "y": 444, "order": 2 },
			{ "x": 356, "y": 8, "order": 5 },
			{ "x": 357, "y": 386, "order": 17 },
			{ "x": 362, "y": 38, "order": 40 },
			{ "x": 382, "y": 8, "order": 19 },
			{ "x": 382, "y": 119, "order": 35 },
			{ "x": 421, "y": 164, "order": 27 },
			{ "x": 422, "y": 249, "order": 4 },
			{ "x": 428, "y": 52, "order": 14 },
			{ "x": 429, "y": 101, "order": 10 },
			{ "x": 443, "y": 132, "order": 41 },
			{ "x": 452, "y": 239, "order": 34 },
			{ "x": 465, "y": 441, "order": 23 },
			{ "x": 469, "y": 300, "order": 39 },
			{ "x": 476, "y": 20, "order": 3 },
			{ "x": 537, "y": 249, "order": 33 },
			{ "x": 547, "y": 430, "order": 12 },
			{ "x": 559, "y": 140, "order": 26 },
			{ "x": 558, "y": 8, "order": 16 }
		],

		[
			//Dungeon
			{ "x": 7, "y": 8, "order": 31 },
			{ "x": 7, "y": 125, "order": 1 },
			{ "x": 7, "y": 353, "order": 33 },
			{ "x": 7, "y": 394, "order": 6 },
			{ "x": 30, "y": 101, "order": 36 },
			{ "x": 33, "y": 219, "order": 16 },
			{ "x": 57, "y": 171, "order": 13 },
			{ "x": 62, "y": 8, "order": 47 },
			{ "x": 63, "y": 90, "order": 41 },
			{ "x": 83, "y": 471, "order": 10 },
			{ "x": 94, "y": 117, "order": 21 },
			{ "x": 99, "y": 8, "order": 5 },
			{ "x": 113, "y": 258, "order": 32 },
			{ "x": 156, "y": 146, "order": 28 },
			{ "x": 165, "y": 288, "order": 42 },
			{ "x": 172, "y": 388, "order": 44 },
			{ "x": 177, "y": 36, "order": 39 },
			{ "x": 194, "y": 235, "order": 46 },
			{ "x": 204, "y": 502, "order": 3 },
			{ "x": 236, "y": 320, "order": 23 },
			{ "x": 238, "y": 8, "order": 20 },
			{ "x": 245, "y": 75, "order": 25 },
			{ "x": 247, "y": 396, "order": 29 },
			{ "x": 247, "y": 459, "order": 14 },
			{ "x": 253, "y": 152, "order": 48 },
			{ "x": 301, "y": 233, "order": 43 },
			{ "x": 323, "y": 8, "order": 12 },
			{ "x": 323, "y": 178, "order": 45 },
			{ "x": 328, "y": 342, "order": 30 },
			{ "x": 329, "y": 428, "order": 19 },
			{ "x": 339, "y": 8, "order": 26 },
			{ "x": 357, "y": 141, "order": 27 },
			{ "x": 374, "y": 8, "order": 15 },
			{ "x": 374, "y": 236, "order": 34 },
			{ "x": 392, "y": 439, "order": 35 },
			{ "x": 400, "y": 291, "order": 40 },
			{ "x": 401, "y": 103, "order": 18 },
			{ "x": 422, "y": 381, "order": 37 },
			{ "x": 436, "y": 8, "order": 17 },
			{ "x": 438, "y": 336, "order": 24 },
			{ "x": 449, "y": 131, "order": 9 },
			{ "x": 453, "y": 161, "order": 11 },
			{ "x": 471, "y": 267, "order": 38 },
			{ "x": 477, "y": 64, "order": 22 },
			{ "x": 480, "y": 456, "order": 8 },
			{ "x": 485, "y": 8, "order": 2 },
			{ "x": 536, "y": 197, "order": 4 },
			{ "x": 541, "y": 22, "order": 7 }
		],

		[
			//Stronghold
			{ "x": 7, "y": 8, "order": 6 },
			{ "x": 7, "y": 229, "order": 14 },
			{ "x": 7, "y": 405, "order": 15 },
			{ "x": 7, "y": 465, "order": 10 },
			{ "x": 12, "y": 8, "order": 9 },
			{ "x": 32, "y": 245, "order": 21 },
			{ "x": 32, "y": 277, "order": 33 },
			{ "x": 36, "y": 337, "order": 19 },
			{ "x": 39, "y": 15, "order": 36 },
			{ "x": 47, "y": 115, "order": 23 },
			{ "x": 49, "y": 178, "order": 25 },
			{ "x": 70, "y": 8, "order": 1 },
			{ "x": 101, "y": 35, "order": 41 },
			{ "x": 111, "y": 311, "order": 44 },
			{ "x": 123, "y": 156, "order": 45 },
			{ "x": 138, "y": 423, "order": 32 },
			{ "x": 140, "y": 224, "order": 43 },
			{ "x": 144, "y": 136, "order": 11 },
			{ "x": 149, "y": 452, "order": 18 },
			{ "x": 158, "y": 475, "order": 5 },
			{ "x": 191, "y": 68, "order": 7 },
			{ "x": 202, "y": 12, "order": 39 },
			{ "x": 218, "y": 349, "order": 34 },
			{ "x": 219, "y": 285, "order": 42 },
			{ "x": 222, "y": 96, "order": 28 },
			{ "x": 262, "y": 8, "order": 8 },
			{ "x": 279, "y": 166, "order": 48 },
			{ "x": 279, "y": 425, "order": 22 },
			{ "x": 303, "y": 314, "order": 27 },
			{ "x": 320, "y": 109, "order": 16 },
			{ "x": 326, "y": 146, "order": 47 },
			{ "x": 333, "y": 160, "order": 46 },
			{ "x": 362, "y": 26, "order": 4 },
			{ "x": 365, "y": 441, "order": 17 },
			{ "x": 380, "y": 297, "order": 38 },
			{ "x": 392, "y": 242, "order": 29 },
			{ "x": 427, "y": 275, "order": 40 },
			{ "x": 445, "y": 85, "order": 2 },
			{ "x": 446, "y": 424, "order": 30 },
			{ "x": 459, "y": 347, "order": 37 },
			{ "x": 463, "y": 53, "order": 24 },
			{ "x": 484, "y": 210, "order": 20 },
			{ "x": 488, "y": 8, "order": 26 },
			{ "x": 489, "y": 303, "order": 35 },
			{ "x": 529, "y": 8, "order": 31 },
			{ "x": 529, "y": 421, "order": 3 },
			{ "x": 558, "y": 87, "order": 13 },
			{ "x": 563, "y": 261, "order": 12 }
		],

		[
			//Fortress
			{ "x": 7, "y": 8, "order": 36 },
			{ "x": 7, "y": 152, "order": 25 },
			{ "x": 7, "y": 306, "order": 34 },
			{ "x": 7, "y": 388, "order": 23 },
			{ "x": 7, "y": 434, "order": 15 },
			{ "x": 23, "y": 417, "order": 37 },
			{ "x": 32, "y": 232, "order": 38 },
			{ "x": 42, "y": 137, "order": 39 },
			{ "x": 47, "y": 440, "order": 8 },
			{ "x": 56, "y": 19, "order": 47 },
			{ "x": 71, "y": 8, "order": 1 },
			{ "x": 87, "y": 219, "order": 30 },
			{ "x": 90, "y": 26, "order": 41 },
			{ "x": 104, "y": 397, "order": 33 },
			{ "x": 116, "y": 345, "order": 40 },
			{ "x": 134, "y": 215, "order": 11 },
			{ "x": 175, "y": 168, "order": 19 },
			{ "x": 191, "y": 428, "order": 13 },
			{ "x": 200, "y": 326, "order": 24 },
			{ "x": 216, "y": 98, "order": 18 },
			{ "x": 221, "y": 398, "order": 20 },
			{ "x": 225, "y": 235, "order": 46 },
			{ "x": 239, "y": 8, "order": 9 },
			{ "x": 245, "y": 40, "order": 7 },
			{ "x": 248, "y": 208, "order": 48 },
			{ "x": 261, "y": 439, "order": 5 },
			{ "x": 262, "y": 134, "order": 26 },
			{ "x": 297, "y": 352, "order": 22 },
			{ "x": 309, "y": 99, "order": 16 },
			{ "x": 320, "y": 262, "order": 43 },
			{ "x": 323, "y": 404, "order": 10 },
			{ "x": 326, "y": 200, "order": 45 },
			{ "x": 331, "y": 20, "order": 17 },
			{ "x": 345, "y": 178, "order": 21 },
			{ "x": 353, "y": 8, "order": 3 },
			{ "x": 358, "y": 290, "order": 42 },
			{ "x": 381, "y": 399, "order": 14 },
			{ "x": 400, "y": 65, "order": 12 },
			{ "x": 428, "y": 160, "order": 35 },
			{ "x": 448, "y": 293, "order": 29 },
			{ "x": 451, "y": 94, "order": 27 },
			{ "x": 453, "y": 424, "order": 2 },
			{ "x": 462, "y": 397, "order": 32 },
			{ "x": 465, "y": 8, "order": 4 },
			{ "x": 486, "y": 163, "order": 44 },
			{ "x": 492, "y": 184, "order": 31 },
			{ "x": 517, "y": 304, "order": 6 },
			{ "x": 549, "y": 8, "order": 28 }
		],

		[
			//Conflux
			{ "x": 7, "y": 8, "order": 1 },
			{ "x": 7, "y": 54, "order": 6 },
			{ "x": 7, "y": 227, "order": 16 },
			{ "x": 7, "y": 426, "order": 9 },
			{ "x": 15, "y": 48, "order": 22 },
			{ "x": 45, "y": 375, "order": 32 },
			{ "x": 48, "y": 249, "order": 28 },
			{ "x": 86, "y": 500, "order": 15 },
			{ "x": 93, "y": 55, "order": 37 },
			{ "x": 99, "y": 245, "order": 7 },
			{ "x": 101, "y": 354, "order": 27 },
			{ "x": 104, "y": 175, "order": 35 },
			{ "x": 107, "y": 14, "order": 21 },
			{ "x": 124, "y": 296, "order": 38 },
			{ "x": 134, "y": 8, "order": 4 },
			{ "x": 181, "y": 466, "order": 26 },
			{ "x": 182, "y": 200, "order": 40 },
			{ "x": 189, "y": 381, "order": 33 },
			{ "x": 192, "y": 40, "order": 8 },
			{ "x": 192, "y": 364, "order": 11 },
			{ "x": 201, "y": 124, "order": 48 },
			{ "x": 203, "y": 330, "order": 42 },
			{ "x": 228, "y": 293, "order": 45 },
			{ "x": 235, "y": 39, "order": 25 },
			{ "x": 242, "y": 335, "order": 44 },
			{ "x": 275, "y": 488, "order": 5 },
			{ "x": 278, "y": 202, "order": 46 },
			{ "x": 290, "y": 80, "order": 13 },
			{ "x": 291, "y": 115, "order": 20 },
			{ "x": 308, "y": 225, "order": 43 },
			{ "x": 310, "y": 158, "order": 39 },
			{ "x": 312, "y": 24, "order": 12 },
			{ "x": 317, "y": 8, "order": 2 },
			{ "x": 323, "y": 443, "order": 10 },
			{ "x": 327, "y": 253, "order": 41 },
			{ "x": 330, "y": 36, "order": 36 },
			{ "x": 349, "y": 330, "order": 34 },
			{ "x": 349, "y": 426, "order": 17 },
			{ "x": 407, "y": 191, "order": 47 },
			{ "x": 421, "y": 430, "order": 31 },
			{ "x": 428, "y": 246, "order": 23 },
			{ "x": 467, "y": 90, "order": 29 },
			{ "x": 481, "y": 13, "order": 30 },
			{ "x": 489, "y": 346, "order": 18 },
			{ "x": 504, "y": 113, "order": 19 },
			{ "x": 504, "y": 190, "order": 24 },
			{ "x": 507, "y": 8, "order": 14 },
			{ "x": 542, "y": 436, "order": 3 }
		]
	]
}
