{
	// Additional spell info, not included in original heroes III files
	//   id: spell ID
	//   effect: -1 -> spell is negative for influenced creatures, 
    //			  0 -> spell is indifferent for them
    //			  1 -> spell is positive for them
	//   anim: main effect animation (AC format), -1 - none
    //   ranges: spell range description in SRSL ([no magic] [basic] [advanced] [expert])

	"spells": [
		{ "id": 0, "effect": 0, "anim": -1, "ranges": [ "X", "X", "X", "X" ] },
		{ "id": 1, "effect": 0, "anim": -1, "ranges": [ "X", "X", "X", "X" ] },
		{ "id": 2, "effect": 0, "anim": -1, "ranges": [ "X", "X", "X", "X" ] },
		{ "id": 3, "effect": 0, "anim": -1, "ranges": [ "X", "X", "X", "X" ] },
		{ "id": 4, "effect": 0, "anim": -1, "ranges": [ "X", "X", "X", "X" ] },
		{ "id": 5, "effect": 0, "anim": -1, "ranges": [ "X", "X", "X", "X" ] },
		{ "id": 6, "effect": 0, "anim": -1, "ranges": [ "X", "X", "X", "X" ] },
		{ "id": 7, "effect": 0, "anim": -1, "ranges": [ "X", "X", "X", "X" ] },
		{ "id": 8, "effect": 0, "anim": -1, "ranges": [ "X", "X", "X", "X" ] },
		{ "id": 9, "effect": 0, "anim": -1, "ranges": [ "X", "X", "X", "X" ] },
		{ "id": 10, "effect": 0, "anim": -1, "ranges": [ "X", "X", "X", "X" ] },
		{ "id": 11, "effect": 0, "anim": -1, "ranges": [ "X", "X", "X", "X" ] },
		{ "id": 12, "effect": 0, "anim": -1, "ranges": [ "0", "0", "0", "0" ] },
		{ "id": 13, "effect": 0, "anim": -1, "ranges": [ "0", "0", "0", "0" ] },
		{ "id": 14, "effect": 0, "anim": -1, "ranges": [ "X", "X", "X", "X" ] },
		{ "id": 15, "effect": -1, "anim": 64, "ranges": [ "0", "0", "0", "0" ] },
		{ "id": 16, "effect": -1, "anim": 46, "ranges": [ "0", "0", "0", "0" ] },
		{ "id": 17, "effect": -1, "anim": 38, "ranges": [ "0", "0", "0", "0" ] },
		{ "id": 18, "effect": -1, "anim": 10, "ranges": [ "0", "0", "0", "0" ] },
		{ "id": 19, "effect": -1, "anim": -1, "ranges": [ "0", "0", "0", "0" ] },
		{ "id": 20, "effect": -1, "anim": 45, "ranges": [ "1", "1", "1", "1" ] },
		{ "id": 21, "effect": -1, "anim": 53, "ranges": [ "0,1", "0,1", "0,1", "0,1" ] },
		{ "id": 22, "effect": -1, "anim": 9, "ranges": [ "0-2", "0-2", "0-2", "0-2" ] },
		{ "id": 23, "effect": -1, "anim": 16, "ranges": [ "0,1", "0,1", "0,1", "0,1" ] },
		{ "id": 24, "effect": -1, "anim": 8, "ranges": [ "X", "X", "X", "X" ] },
		{ "id": 25, "effect": -1, "anim": 29, "ranges": [ "X", "X", "X", "X" ] },
		{ "id": 26, "effect": -1, "anim": 12, "ranges": [ "X", "X", "X", "X" ] },
		{ "id": 27, "effect": 1, "anim": 27, "ranges": [ "0", "0", "0", "X" ] },
		{ "id": 28, "effect": 1, "anim": 2, "ranges": [ "0", "0", "0", "X" ] },
		{ "id": 29, "effect": 1, "anim": 11, "ranges": [ "0", "0", "0", "X" ] },
		{ "id": 30, "effect": 1, "anim": 22, "ranges": [ "0", "0", "0", "X" ] },
		{ "id": 31, "effect": 1, "anim": 24, "ranges": [ "0", "0", "0", "X" ] },
		{ "id": 32, "effect": 1, "anim": 23, "ranges": [ "0", "0", "0", "X" ] },
		{ "id": 33, "effect": 1, "anim": 26, "ranges": [ "0", "0", "0", "X" ] },
		{ "id": 34, "effect": 1, "anim": 5, "ranges": [ "0", "0", "0", "X" ] },
		{ "id": 35, "effect": 0, "anim": 41, "ranges": [ "0", "0", "0", "X" ] },
		{ "id": 36, "effect": 1, "anim": 3, "ranges": [ "0", "0", "0", "0" ] },
		{ "id": 37, "effect": 1, "anim": 39, "ranges": [ "0", "0", "0", "0" ] },
		{ "id": 38, "effect": 1, "anim": 79, "ranges": [ "0", "0", "0", "0" ] },
		{ "id": 39, "effect": 1, "anim": 79, "ranges": [ "0", "0", "0", "0" ] },
		{ "id": 40, "effect": 1, "anim": -1, "ranges": [ "0", "0", "0", "0" ] },
		{ "id": 41, "effect": 1, "anim": 36, "ranges": [ "0", "0", "0", "X" ] },
		{ "id": 42, "effect": -1, "anim": 40, "ranges": [ "0", "0", "0", "X" ] },
		{ "id": 43, "effect": 1, "anim": 4, "ranges": [ "0", "0", "0", "X" ] },
		{ "id": 44, "effect": 1, "anim": 25, "ranges": [ "0", "0", "0", "X" ] },
		{ "id": 45, "effect": -1, "anim": 56, "ranges": [ "0", "0", "0", "X" ] },
		{ "id": 46, "effect": 1, "anim": 54, "ranges": [ "0", "0", "0", "X" ] },
		{ "id": 47, "effect": -1, "anim": 14, "ranges": [ "0", "0", "0", "0" ] },
		{ "id": 48, "effect": 1, "anim": 0, "ranges": [ "0", "0", "0", "X" ] },
		{ "id": 49, "effect": 1, "anim": 20, "ranges": [ "0", "0", "0", "X" ] },
		{ "id": 50, "effect": -1, "anim": 30, "ranges": [ "0", "0", "0", "X" ] },
		{ "id": 51, "effect": 1, "anim": 18, "ranges": [ "0", "0", "0", "X" ] },
		{ "id": 52, "effect": -1, "anim": 48, "ranges": [ "0", "0", "0", "X" ] },
		{ "id": 53, "effect": 1, "anim": 31, "ranges": [ "0", "0", "0", "X" ] },
		{ "id": 54, "effect": -1, "anim": 19, "ranges": [ "0", "0", "0", "X" ] },
		{ "id": 55, "effect": 1, "anim": 28, "ranges": [ "0", "0", "0", "0" ] },
		{ "id": 56, "effect": 1, "anim": 17, "ranges": [ "0", "0", "0", "0" ] },
		{ "id": 57, "effect": -1, "anim": 38, "ranges": [ "0", "0", "0", "0" ] },
		{ "id": 58, "effect": 1, "anim": 7, "ranges": [ "0", "0", "0", "X" ] },
		{ "id": 59, "effect": -1, "anim": 35, "ranges": [ "0", "0", "0-1", "0-2" ] },
		{ "id": 60, "effect": -1, "anim": 21, "ranges": [ "0", "0", "0", "0" ] },
		{ "id": 61, "effect": -1, "anim": 42, "ranges": [ "0", "0", "0", "X" ] },
		{ "id": 62, "effect": -1, "anim": 6, "ranges": [ "0", "0", "0", "0" ] },
		{ "id": 63, "effect": 1, "anim": -1, "ranges": [ "0", "0", "0", "0" ] },
		{ "id": 64, "effect": 0, "anim": -1, "ranges": [ "X", "X", "X", "X" ] },
		{ "id": 65, "effect": 1, "anim": -1, "ranges": [ "0", "0", "0", "0" ] },
		{ "id": 66, "effect": 0, "anim": -1, "ranges": [ "X", "X", "X", "X" ] },
		{ "id": 67, "effect": 0, "anim": -1, "ranges": [ "X", "X", "X", "X" ] },
		{ "id": 68, "effect": 0, "anim": -1, "ranges": [ "X", "X", "X", "X" ] },
		{ "id": 69, "effect": 0, "anim": -1, "ranges": [ "X", "X", "X", "X" ] },
		{ "id": 70, "effect": 0, "anim": 70, "ranges": [ "0", "0", "0", "0" ] },
		{ "id": 71, "effect": -1, "anim": 67, "ranges": [ "0", "0", "0", "0" ] },
		{ "id": 72, "effect": 0, "anim": 68, "ranges": [ "0", "0", "0", "0" ] },
		{ "id": 73, "effect": -1, "anim": 69, "ranges": [ "0", "0", "0", "0" ] },
		{ "id": 74, "effect": -1, "anim": 70, "ranges": [ "0", "0", "0", "0" ] },
		{ "id": 75, "effect": -1, "anim": 71, "ranges": [ "0", "0", "0", "0" ] },
		{ "id": 76, "effect": 0, "anim": 72, "ranges": [ "0-1", "0-1", "0-1", "0-1" ] },
		{ "id": 77, "effect": -1, "anim": 38, "ranges": [ "0", "0", "0", "0" ] },
		{ "id": 78, "effect": -1, "anim": 41, "ranges": [ "0", "0", "0", "0" ] },
		{ "id": 79, "effect": 0, "anim": 80, "ranges": [ "0", "0", "0", "0" ] },
		{ "id": 80, "effect": 0, "anim": 81, "ranges": [ "0", "0", "0", "0" ] }
	]
}
